BigIntBaseN,z0_b1,2,2.6231313926042486e-06,2.214032757857459e-06,1.0873913043478262e-05,8.502124044180119e-06
BigIntBaseN,z0_b1,8,1.7900483264721675e-06,1.7724614566719831e-06,6.319014529374605e-06,5.8184991273996515e-06
BigIntBaseN,z0_b1,11,1.7185567010309278e-06,1.7793986835082725e-06,5.636619718309859e-06,5.493135639758374e-06
BigIntBaseN,z0_b1,16,1.5273365913255955e-06,1.6579907161803713e-06,5.30891719745223e-06,5.771494518176573e-06
BigIntBaseN,z0_b1,32,1.5012008405884118e-06,1.6372565067932558e-06,4.937314906219151e-06,5.071501014198783e-06
BigIntBaseN,z0_b1,36,1.5091293194507317e-06,1.641661195009849e-06,4.919822921790457e-06,5.2426624737945494e-06
BigIntBaseN,z0_b1,58,1.481849162838939e-06,1.8076992589915056e-06,4.7884155098133075e-06,5.1524987120041214e-06
BigIntBaseN,z0_b1,62,1.547902801423928e-06,1.6526768010575018e-06,4.906326630701325e-06,5.36514745308311e-06
BigIntBaseN,z0_b1,64,1.6193329015544042e-06,1.6664445184938354e-06,5.119754350051177e-06,6.141804788213628e-06
BigIntBaseN,z0_b1,67,1.60032e-06,1.9586922474549727e-06,5.1716649431230616e-06,5.271338250790306e-06
BigIntBaseN,z1_b1,2,2.2451178451178453e-06,1.9718059936908514e-06,1.0236438075742067e-05,8.278973509933774e-06
BigIntBaseN,z1_b1,8,1.5917555307973896e-06,1.6900980060831362e-06,6.39769820971867e-06,5.619662921348315e-06
BigIntBaseN,z1_b1,11,1.5599750428950241e-06,1.6704526474027057e-06,5.642978003384095e-06,5.450136239782016e-06
BigIntBaseN,z1_b1,16,1.5505426356589145e-06,1.7104498033179407e-06,5.331023454157782e-06,5.424078091106291e-06
BigIntBaseN,z1_b1,32,1.485960481354925e-06,1.5814358001265021e-06,5.008512769153731e-06,5.101988781234064e-06
BigIntBaseN,z1_b1,36,1.3636487592037088e-06,1.5912490055688145e-06,5.112416964741952e-06,5.231171548117155e-06
BigIntBaseN,z1_b1,58,1.4151823579304497e-06,1.6190707463169822e-06,5.133914828116983e-06,5.346873329770177e-06
BigIntBaseN,z1_b1,62,1.3832641770401105e-06,1.6115049951659682e-06,4.830999517141477e-06,5.0342224458983394e-06
BigIntBaseN,z1_b1,64,1.3767377838953888e-06,1.630952380952381e-06,4.9270935960591134e-06,5.132375577219087e-06
BigIntBaseN,z1_b1,67,1.4131110483187342e-06,1.6675558519506502e-06,4.823529411764706e-06,4.959841348537432e-06
BigIntBaseN,z218_b1,2,3.325797872340426e-06,3.0699815837937385e-06,1.1892984542211654e-05,1.065814696485623e-05
BigIntBaseN,z218_b1,8,2.5229566094853684e-06,2.7312943746586568e-06,7.700538876058506e-06,7.380811808118081e-06
BigIntBaseN,z218_b1,11,2.481518233688911e-06,2.58542258981649e-06,7.566893424036282e-06,7.228323699421966e-06
BigIntBaseN,z218_b1,16,2.31313598519889e-06,2.7058982683982684e-06,6.435649935649935e-06,6.537908496732026e-06
BigIntBaseN,z218_b1,32,2.3707039582839536e-06,2.4977522477522476e-06,6.61004626569729e-06,6.301827347195967e-06
BigIntBaseN,z218_b1,36,2.2662587808746883e-06,2.5742599742599742e-06,6.249843847595253e-06,6.559344262295082e-06
BigIntBaseN,z218_b1,58,2.284898332190998e-06,2.5267812026275895e-06,6.154461538461538e-06,6.309779179810725e-06
BigIntBaseN,z218_b1,62,2.4742701632855022e-06,2.4693827160493825e-06,6.049576783555017e-06,6.427377892030848e-06
BigIntBaseN,z218_b1,64,2.265458663646659e-06,2.5424504321301474e-06,6.014431749849669e-06,6.225886745488488e-06
BigIntBaseN,z218_b1,67,2.3065036900369e-06,2.6441977266719534e-06,6.2812303829252975e-06,6.3064312736443885e-06
BigIntBaseN,z100_b1,2,2.9871565113500595e-06,2.604269721426712e-06,1.1218609865470853e-05,9.350467289719626e-06
BigIntBaseN,z100_b1,8,2.112143611404435e-06,2.140625e-06,6.652260638297872e-06,6.227272727272727e-06
BigIntBaseN,z100_b1,11,2.108581066835336e-06,2.244614003590664e-06,6.315656565656566e-06,6.059357964869776e-06
BigIntBaseN,z100_b1,16,1.882009785472337e-06,2.256543321299639e-06,6.178505250154416e-06,6.311041009463722e-06
BigIntBaseN,z100_b1,32,1.9934223639625273e-06,2.1433776253750536e-06,6.144348894348894e-06,6.134886572654813e-06
BigIntBaseN,z100_b1,36,1.996606109003793e-06,2.2890821698329136e-06,5.598209289311696e-06,5.7494252873563225e-06
BigIntBaseN,z100_b1,58,1.9058689024390245e-06,2.05528154541718e-06,5.4286489419424855e-06,5.622821810005621e-06
BigIntBaseN,z100_b1,62,1.933500869901411e-06,2.2963302752293576e-06,5.567056204785755e-06,5.669501133786848e-06
BigIntBaseN,z100_b1,64,1.9894569325641534e-06,2.1502902601591056e-06,5.4284940411700974e-06,5.600223964165734e-06
BigIntBaseN,z100_b1,67,1.929577464788732e-06,2.077690070627337e-06,5.294865007940709e-06,5.725243274184316e-06
BigIntBaseN,z196_b1,2,3.345935095349615e-06,2.9641375222288082e-06,1.2164034021871204e-05,9.91089108910891e-06
BigIntBaseN,z196_b1,8,2.463907366346391e-06,2.527925195855446e-06,7.400887573964496e-06,6.876975945017182e-06
BigIntBaseN,z196_b1,11,2.422722868217054e-06,2.591863176988857e-06,7.2590711175616835e-06,6.7909029192124915e-06
BigIntBaseN,z196_b1,16,2.1999560052793664e-06,2.531898734177215e-06,6.477979274611399e-06,6.445231958762887e-06
BigIntBaseN,z196_b1,32,2.2338619611346883e-06,2.410460351892022e-06,6.122399020807834e-06,6.319014529374605e-06
BigIntBaseN,z196_b1,36,2.2619101377286073e-06,2.445721271393643e-06,6.180358245830759e-06,6.393610223642172e-06
BigIntBaseN,z196_b1,58,2.2459016393442622e-06,2.4335766423357665e-06,6.021673690547863e-06,6.26299311208516e-06
BigIntBaseN,z196_b1,62,2.2084345330094945e-06,2.4320447362022853e-06,6.0295358649789025e-06,6.641434262948207e-06
BigIntBaseN,z196_b1,64,2.2519135524538496e-06,2.42296511627907e-06,5.979091995221028e-06,6.496103896103896e-06
BigIntBaseN,z196_b1,67,2.253717890941866e-06,2.4185203094777563e-06,5.890459363957598e-06,6.190594059405941e-06
BigIntBaseN,z0_b2,2,4.055127685447913e-06,3.352546916890081e-06,1.2876447876447877e-05,9.861083743842365e-06
BigIntBaseN,z0_b2,8,2.3631852551984874e-06,2.3637437957929567e-06,6.674449633088726e-06,6.3297468354430375e-06
BigIntBaseN,z0_b2,11,2.1607258587167854e-06,2.286988337525726e-06,6.392332268370608e-06,6.514973958333334e-06
BigIntBaseN,z0_b2,16,1.9994002399040383e-06,2.26420647498302e-06,6.013830426939266e-06,6.139963167587477e-06
BigIntBaseN,z0_b2,32,1.975508591744025e-06,2.1619109381755294e-06,5.408869659275283e-06,5.505228398458998e-06
BigIntBaseN,z0_b2,36,1.876547842401501e-06,1.9986011191047163e-06,6.3257432005060084e-06,6.1211750305997554e-06
BigIntBaseN,z0_b2,58,1.8630774962742175e-06,2.1037021455616323e-06,5.441240478781284e-06,5.425162689804773e-06
BigIntBaseN,z0_b2,62,1.7963362068965519e-06,1.9558075870160344e-06,5.256962690488702e-06,5.726388093875215e-06
BigIntBaseN,z0_b2,64,1.9009693974529557e-06,2.1644665656784246e-06,5.375067168189146e-06,5.585147962032384e-06
BigIntBaseN,z0_b2,67,1.9650294695481335e-06,2.271921853702862e-06,5.188796680497926e-06,5.0833333333333335e-06
BigIntBaseN,z1_b2,2,4.141614906832299e-06,3.204742069849407e-06,1.4797337278106508e-05,1.0337809917355372e-05
BigIntBaseN,z1_b2,8,2.4244848484848484e-06,2.275250227479527e-06,6.828668941979523e-06,6.4223363286264435e-06
BigIntBaseN,z1_b2,11,2.202113606340819e-06,2.211143046650453e-06,6.316287878787879e-06,5.96541443053071e-06
BigIntBaseN,z1_b2,16,2.071887300600787e-06,2.2529849065104754e-06,6.078371810449575e-06,5.87206572769953e-06
BigIntBaseN,z1_b2,32,1.992231075697211e-06,2.0731757877280264e-06,5.522915516289343e-06,5.573259052924791e-06
BigIntBaseN,z1_b2,36,1.9902487562189054e-06,2.0609932000824232e-06,6.048972188633616e-06,5.784846732215154e-06
BigIntBaseN,z1_b2,58,1.872495787305748e-06,2.0533771299527817e-06,5.386645126548196e-06,5.411796536796537e-06
BigIntBaseN,z1_b2,62,1.8365773044436284e-06,1.9986011191047163e-06,5.132888660851719e-06,5.297139830508474e-06
BigIntBaseN,z1_b2,64,1.8777694329703342e-06,2.0381088241287954e-06,5.513230429988975e-06,5.389547413793103e-06
BigIntBaseN,z1_b2,67,1.884680610514415e-06,2.019382192610539e-06,5.218570683359416e-06,5.304347826086957e-06
BigIntBaseN,z218_b2,2,4.642989786443825e-06,3.8831521739130435e-06,1.3456989247311828e-05,1.063336875664187e-05
BigIntBaseN,z218_b2,8,3.0844896700585874e-06,3.054978619425779e-06,7.633104500381389e-06,7.274181818181819e-06
BigIntBaseN,z218_b2,11,2.9064225515838416e-06,2.9334310850439883e-06,7.349008082292433e-06,7.124643874643875e-06
BigIntBaseN,z218_b2,16,2.9064225515838416e-06,2.892423366107577e-06,7.375735294117647e-06,7.055712270803949e-06
BigIntBaseN,z218_b2,32,2.5655296229802512e-06,2.7857938718662953e-06,6.741913746630728e-06,6.8207225630538505e-06
BigIntBaseN,z218_b2,36,2.581569437274135e-06,2.7543376480308454e-06,6.574901445466492e-06,6.908149171270718e-06
BigIntBaseN,z218_b2,58,2.5463340122199594e-06,2.895773016792125e-06,6.482177576150357e-06,6.435649935649935e-06
BigIntBaseN,z218_b2,62,2.5489296636085627e-06,2.7884025648173964e-06,6.308322824716267e-06,6.497402597402597e-06
BigIntBaseN,z218_b2,64,2.682671673819742e-06,2.7972595078299776e-06,6.264871634314339e-06,6.731493943472409e-06
BigIntBaseN,z218_b2,67,2.710569105691057e-06,2.7611816675869684e-06,6.331012658227848e-06,6.5464659685863875e-06
BigIntBaseN,z100_b2,2,4.2996560619088565e-06,3.5008750437521877e-06,1.2739185750636131e-05,1.0202854230377167e-05
BigIntBaseN,z100_b2,8,2.5285642062689586e-06,2.653488989121783e-06,7.3721444362564485e-06,6.684702738810955e-06
BigIntBaseN,z100_b2,11,2.552833078101072e-06,2.5099121706398997e-06,6.801495581237254e-06,6.530678851174935e-06
BigIntBaseN,z100_b2,16,2.3727164887307233e-06,2.4446345636763626e-06,6.5264187866927595e-06,6.2473454091193005e-06
BigIntBaseN,z100_b2,32,2.355628827131418e-06,2.338868101028999e-06,5.987432675044883e-06,5.9790794979079496e-06
BigIntBaseN,z100_b2,36,2.1864888500218625e-06,2.348203803709791e-06,5.824694234129295e-06,5.910756501182033e-06
BigIntBaseN,z100_b2,58,2.2288834410519277e-06,2.3476525821596243e-06,6.006002400960384e-06,5.831486880466472e-06
BigIntBaseN,z100_b2,62,2.237860818975162e-06,2.420377541142304e-06,5.633445945945946e-06,5.833236151603499e-06
BigIntBaseN,z100_b2,64,2.2224444444444445e-06,2.3880133715377267e-06,5.637183098591549e-06,5.846288720046756e-06
BigIntBaseN,z100_b2,67,2.2529849065104754e-06,2.4745175655616035e-06,5.847457627118644e-06,5.773225620311598e-06
BigIntBaseN,z196_b2,2,4.755587256300522e-06,3.963153724247227e-06,1.3361815754339119e-05,1.0671641791044776e-05
BigIntBaseN,z196_b2,8,2.9997000599880023e-06,2.9626777251184834e-06,8.020048115477144e-06,7.732612055641422e-06
BigIntBaseN,z196_b2,11,2.882963390025944e-06,2.8904624277456646e-06,7.207492795389049e-06,7.020350877192983e-06
BigIntBaseN,z196_b2,16,2.681501340482574e-06,2.7435545803620404e-06,7.1794687724335964e-06,6.864790665751545e-06
BigIntBaseN,z196_b2,32,2.6506758547574873e-06,2.8606979405034325e-06,6.684702738810955e-06,6.554390563564876e-06
BigIntBaseN,z196_b2,36,2.4714603409933283e-06,2.673169428113308e-06,6.562992125984252e-06,6.658455392809587e-06
BigIntBaseN,z196_b2,58,2.5232088799192734e-06,2.691686844229217e-06,6.473786407766991e-06,6.791581805838426e-06
BigIntBaseN,z196_b2,62,2.621826746924889e-06,2.6819522660230623e-06,6.2512500000000005e-06,6.473139158576052e-06
BigIntBaseN,z196_b2,64,2.51622641509434e-06,2.7943559653534505e-06,6.247970018738289e-06,6.556356487549148e-06
BigIntBaseN,z196_b2,67,2.485834990059642e-06,2.7223734349482855e-06,6.537254901960784e-06,6.432797427652733e-06
BigIntBaseN,z0_b0,2,1.113945199376253e-06,1.3897457273864111e-06,9.061594202898552e-06,7.226878612716764e-06
BigIntBaseN,z0_b0,8,1.078740157480315e-06,1.3200897571277718e-06,5.4375e-06,5.170025839793282e-06
BigIntBaseN,z0_b0,11,1.1313348416289592e-06,1.3261734287987272e-06,5.172182006204757e-06,5.069944247339077e-06
BigIntBaseN,z0_b0,16,1.1225589225589227e-06,1.3511213185625507e-06,4.94757665677547e-06,4.890029325513196e-06
BigIntBaseN,z0_b0,32,1.1125695216907677e-06,1.3300970873786408e-06,4.694978883153449e-06,4.882381649585164e-06
BigIntBaseN,z0_b0,36,1.1091272041699012e-06,1.3379264214046822e-06,4.445333333333334e-06,4.613929889298893e-06
BigIntBaseN,z0_b0,58,1.0994942832014072e-06,1.3629054238212046e-06,4.549340609367895e-06,4.645610775661867e-06
BigIntBaseN,z0_b0,62,1.1981550257577572e-06,1.3623484538891158e-06,4.559252506836828e-06,4.700187969924812e-06
BigIntBaseN,z0_b0,64,1.1003410716250412e-06,1.3551490514905148e-06,4.5456610631531125e-06,4.754752851711027e-06
BigIntBaseN,z0_b0,67,1.097322800087777e-06,1.3108781127129752e-06,4.511953089760938e-06,5.019066733567486e-06
BigIntBaseN,z1_b0,2,1.1494081140098838e-06,1.3805908337934842e-06,8.44679054054054e-06,6.883000688231245e-06
BigIntBaseN,z1_b0,8,1.114193404634581e-06,1.37013698630137e-06,5.264736842105263e-06,5.065822784810126e-06
BigIntBaseN,z1_b0,11,1.1209370096390942e-06,1.3316910785619173e-06,5.298199152542373e-06,5.056117290192113e-06
BigIntBaseN,z1_b0,16,1.0771136241249326e-06,1.3619773934359254e-06,4.88427734375e-06,4.827702702702703e-06
BigIntBaseN,z1_b0,32,1.1026460859977949e-06,1.370751096491228e-06,4.465178571428572e-06,4.666822211852543e-06
BigIntBaseN,z1_b0,36,1.160478069157577e-06,1.3503915743991359e-06,4.4359201773835916e-06,4.769194086790653e-06
BigIntBaseN,z1_b0,58,1.1016743776162149e-06,1.3042117616377624e-06,4.451268357810414e-06,4.667755482967802e-06
BigIntBaseN,z1_b0,62,1.1478250889475495e-06,1.3429568953941184e-06,4.5855112333791836e-06,4.6405380333951765e-06
BigIntBaseN,z1_b0,64,1.1133251697651119e-06,1.4072041649078373e-06,4.388328214129004e-06,4.552571688666363e-06
BigIntBaseN,z1_b0,67,1.1102353463587922e-06,1.3216598387736223e-06,4.368558951965066e-06,4.606436781609195e-06
BigIntBaseN,z218_b0,2,1.8093342981186688e-06,2.3298392732355e-06,1.0198776758409786e-05,8.649092480553155e-06
BigIntBaseN,z218_b0,8,1.811447201593914e-06,2.1512153151215315e-06,6.631962864721485e-06,6.463824289405684e-06
BigIntBaseN,z218_b0,11,1.808499095840868e-06,2.1539952616842558e-06,7.068551236749117e-06,6.669333333333334e-06
BigIntBaseN,z218_b0,16,1.787028765410041e-06,2.1903197547087166e-06,6.131127450980391e-06,6.243445692883895e-06
BigIntBaseN,z218_b0,32,1.8088261891843008e-06,2.1152707275803723e-06,5.865181711606096e-06,6.162045594577942e-06
BigIntBaseN,z218_b0,36,1.8178844056706653e-06,2.1486573576799143e-06,6.105616605616606e-06,6.4369369369369365e-06
BigIntBaseN,z218_b0,58,1.8844921801394383e-06,2.1433776253750536e-06,5.742824339839265e-06,5.930053349140487e-06
BigIntBaseN,z218_b0,62,1.8206808665574367e-06,2.1065711878685765e-06,5.6964692482915715e-06,5.928486997635934e-06
BigIntBaseN,z218_b0,64,1.8966432770718756e-06,2.1977587343441003e-06,5.677639046538025e-06,6.072859744990893e-06
BigIntBaseN,z218_b0,67,1.8301921317474841e-06,2.1426735218509e-06,5.7494252873563225e-06,5.955952380952381e-06
BigIntBaseN,z100_b0,2,1.523149558330795e-06,1.8249999999999999e-06,1.0281603288797535e-05,8.262592898431048e-06
BigIntBaseN,z100_b0,8,1.4670676250550094e-06,1.740818102697998e-06,5.874339401056959e-06,5.6997150997151e-06
BigIntBaseN,z100_b0,11,1.458296879556722e-06,1.6915271435819382e-06,5.498625618471688e-06,5.4625887493173135e-06
BigIntBaseN,z100_b0,16,1.4880226156821901e-06,1.8116283282014128e-06,5.633445945945946e-06,5.489571899012075e-06
BigIntBaseN,z100_b0,32,1.4846370788184653e-06,1.7263939237010184e-06,5.442872687704026e-06,5.4786418400876235e-06
BigIntBaseN,z100_b0,36,1.4521562363873966e-06,1.735855605692468e-06,4.936327739387956e-06,5.737808376362593e-06
BigIntBaseN,z100_b0,58,1.5519006982156712e-06,1.7487322958559188e-06,5.06379746835443e-06,5.238868517548455e-06
BigIntBaseN,z100_b0,62,1.4935782556750298e-06,1.7929365363929722e-06,5.026130653266332e-06,5.512396694214876e-06
BigIntBaseN,z100_b0,64,1.460426401869159e-06,1.8245165997811018e-06,5.339562199679658e-06,5.314558979808714e-06
BigIntBaseN,z100_b0,67,1.4674981658107117e-06,1.7535063113604489e-06,5.11611253196931e-06,5.275316455696203e-06
BigIntBaseN,z196_b0,2,1.7707152974504248e-06,2.082240266500104e-06,9.925595238095239e-06,8.664069264069265e-06
BigIntBaseN,z196_b0,8,2.001600960576346e-06,2.075103734439834e-06,6.631962864721485e-06,6.4654169360051716e-06
BigIntBaseN,z196_b0,11,1.76215644820296e-06,2.076827242524917e-06,6.179122915379865e-06,6.411538461538462e-06
BigIntBaseN,z196_b0,16,1.789727988546886e-06,2.1330774152271275e-06,6.913614374568072e-06,6.110568112400733e-06
BigIntBaseN,z196_b0,32,1.7752928647497338e-06,2.045817140519534e-06,5.955952380952381e-06,6.233021806853583e-06
BigIntBaseN,z196_b0,36,1.7971248876909253e-06,2.0360342019543973e-06,5.53429203539823e-06,5.987432675044883e-06
BigIntBaseN,z196_b0,58,1.9009693974529557e-06,2.0992863140218302e-06,6.000599880023995e-06,5.954761904761905e-06
BigIntBaseN,z196_b0,62,1.7715196599362382e-06,2.0678106264213355e-06,5.769896193771626e-06,6.128063725490196e-06
BigIntBaseN,z196_b0,64,1.7393043478260869e-06,2.156068118128907e-06,5.895698291101945e-06,6.045317220543807e-06
BigIntBaseN,z196_b0,67,1.8777694329703342e-06,2.0557040082219936e-06,5.545454545454546e-06,6.091352009744215e-06
BigIntBaseN,z0_b3,2,5.704104903078677e-06,4.199412258606213e-06,1.4009803921568627e-05,1.0849240780911062e-05
BigIntBaseN,z0_b3,8,2.838773772353108e-06,2.7000539956803456e-06,7.697692307692308e-06,6.694779116465864e-06
BigIntBaseN,z0_b3,11,2.6166928309785453e-06,2.508402307499373e-06,6.795516304347826e-06,6.500324886289799e-06
BigIntBaseN,z0_b3,16,2.434761441090555e-06,2.3440356222170143e-06,6.388250319284802e-06,6.477022653721683e-06
BigIntBaseN,z0_b3,32,2.3637437957929567e-06,2.309930715935335e-06,5.909037212049616e-06,5.85430076067876e-06
BigIntBaseN,z0_b3,36,2.285126799177519e-06,2.2542258282623397e-06,5.91775147928994e-06,6.295154185022026e-06
BigIntBaseN,z0_b3,58,2.1362665527552328e-06,2.2064857710125748e-06,6.2473454091193005e-06,5.580591187953151e-06
BigIntBaseN,z0_b3,62,2.164935064935065e-06,2.2398656215005597e-06,5.727532913566113e-06,5.816860465116279e-06
BigIntBaseN,z0_b3,64,2.071236280803479e-06,2.2838547613610414e-06,5.781502890173411e-06,5.700854700854701e-06
BigIntBaseN,z0_b3,67,2.1661251895170023e-06,2.2593178224531285e-06,5.69169510807736e-06,5.685227272727273e-06
BigIntBaseN,z1_b3,2,5.747271682940838e-06,4.205548549810845e-06,1.4437229437229438e-05,1.09235807860262e-05
BigIntBaseN,z1_b3,8,2.981812760882528e-06,2.5862425652960952e-06,7.596051632498103e-06,6.9e-06
BigIntBaseN,z1_b3,11,2.847423854255622e-06,2.6256235232344445e-06,6.9825540823447305e-06,6.43979394719897e-06
BigIntBaseN,z1_b3,16,2.5248674577126988e-06,2.4074608904933815e-06,6.420410783055199e-06,6.18491032776747e-06
BigIntBaseN,z1_b3,32,2.3377746610565684e-06,2.530230204907665e-06,6.2596996245306635e-06,6.0295358649789025e-06
BigIntBaseN,z1_b3,36,2.2987818892208687e-06,2.352304797742239e-06,5.793862188766647e-06,5.931791221826809e-06
BigIntBaseN,z1_b3,58,2.14313263338333e-06,2.178610324548029e-06,5.967183770883054e-06,6.569927774130006e-06
BigIntBaseN,z1_b3,62,2.11125184716065e-06,2.3372283243748537e-06,5.663080407701019e-06,5.806732443412652e-06
BigIntBaseN,z1_b3,64,2.149119037387194e-06,2.3067343173431734e-06,5.642413987591653e-06,5.746697300402067e-06
BigIntBaseN,z1_b3,67,2.152819629789066e-06,2.198505165970543e-06,5.92654028436019e-06,5.950624628197501e-06
BigIntBaseN,z218_b3,2,6.356416772554003e-06,4.977611940298507e-06,1.5364055299539173e-05,1.1934367541766109e-05
BigIntBaseN,z218_b3,8,3.6285817918026844e-06,3.4256849315068494e-06,8.308970099667774e-06,7.754263565891472e-06
BigIntBaseN,z218_b3,11,3.5439404677533664e-06,3.476885644768856e-06,8.131707317073172e-06,7.866352201257861e-06
BigIntBaseN,z218_b3,16,3.194825934206324e-06,3.39314789687924e-06,8.058823529411765e-06,7.676899462778204e-06
BigIntBaseN,z218_b3,32,3.1383746470034516e-06,3.2195043450273573e-06,7.463432835820895e-06,8.0024e-06
BigIntBaseN,z218_b3,36,3.041045910611128e-06,3.1911295469049137e-06,7.20893371757925e-06,7.365979381443299e-06
BigIntBaseN,z218_b3,58,3.2327084680025858e-06,3.2526829268292684e-06,7.4056254626202815e-06,6.883000688231245e-06
BigIntBaseN,z218_b3,62,2.9305596249633755e-06,3.3646148671375715e-06,7.097163120567376e-06,7.538055764883195e-06
BigIntBaseN,z218_b3,64,3.093073593073593e-06,3.0565403422982885e-06,7.1224199288256226e-06,6.92807745504841e-06
BigIntBaseN,z218_b3,67,2.9910287081339716e-06,3.184017828716969e-06,6.945833333333334e-06,8.34111759799833e-06
BigIntBaseN,z100_b3,2,5.981459330143541e-06,4.944142362827484e-06,1.5011976047904193e-05,1.1581018518518517e-05
BigIntBaseN,z100_b3,8,3.277941658472632e-06,2.978856462179869e-06,8.169795918367347e-06,7.228323699421966e-06
BigIntBaseN,z100_b3,11,3.0444444444444444e-06,3.0281562216167124e-06,7.524812030075188e-06,7.078556263269639e-06
BigIntBaseN,z100_b3,16,3.1455974842767297e-06,2.8982903506230078e-06,7.069111424541608e-06,6.732166890982504e-06
BigIntBaseN,z100_b3,32,2.7920156337241763e-06,2.795136948015651e-06,6.817314246762099e-06,6.708249496981892e-06
BigIntBaseN,z100_b3,36,2.8011761411369366e-06,2.782197496522949e-06,6.766576454668471e-06,6.337769328263625e-06
BigIntBaseN,z100_b3,58,2.480654761904762e-06,2.6439333862014274e-06,6.516612377850163e-06,6.248594628357277e-06
BigIntBaseN,z100_b3,62,2.4841033283656233e-06,2.614218504966022e-06,6.503901170351105e-06,6.248594628357277e-06
BigIntBaseN,z100_b3,64,2.536900836926198e-06,2.5875808538163e-06,6.2512500000000005e-06,6.158153846153846e-06
BigIntBaseN,z100_b3,67,2.4578520521012534e-06,2.5692268173645004e-06,6.156923076923077e-06,6.2596996245306635e-06
BigIntBaseN,z196_b3,2,6.376673040152964e-06,5.123463114754098e-06,1.5308868501529053e-05,1.1844970414201184e-05
BigIntBaseN,z196_b3,8,3.498426023084995e-06,3.3213811420982737e-06,8.346121768140118e-06,7.808743169398906e-06
BigIntBaseN,z196_b3,11,3.4105011933174224e-06,3.3061157024793385e-06,8.15321923390383e-06,8.465313028764804e-06
BigIntBaseN,z196_b3,16,3.3924694708276796e-06,3.221256038647343e-06,8.040996784565916e-06,7.5361445783132525e-06
BigIntBaseN,z196_b3,32,3.238264810618323e-06,3.268101761252446e-06,7.459358687546607e-06,7.249275362318841e-06
BigIntBaseN,z196_b3,36,2.96332446021887e-06,3.5623219373219373e-06,7.6053231939163495e-06,7.0140252454417955e-06
BigIntBaseN,z196_b3,58,3.1732233502538072e-06,3.0934116919270027e-06,7.065677966101695e-06,6.995804195804196e-06
BigIntBaseN,z196_b3,62,2.760695556168921e-06,3.0733804114215533e-06,6.899310344827586e-06,7.192667145938174e-06
BigIntBaseN,z196_b3,64,3.1347539956126603e-06,2.985970149253731e-06,7.34287812041116e-06,7.160343593414459e-06
BigIntBaseN,z196_b3,67,2.9874551971326168e-06,3.264360313315927e-06,6.848733744010951e-06,7.223104693140795e-06
BigIntBaseN,z0_b16,2,2.852991452991453e-05,1.9032319391634983e-05,4.249576271186441e-05,2.5737789203084832e-05
BigIntBaseN,z0_b16,8,1.2116222760290556e-05,8.867021276595745e-06,1.658112582781457e-05,1.318050065876153e-05
BigIntBaseN,z0_b16,11,1.003309929789368e-05,8.292703150912105e-06,1.4994002998500749e-05,1.2828205128205127e-05
BigIntBaseN,z0_b16,16,1.0470772442588726e-05,7.839341692789969e-06,1.3934540389972146e-05,1.2073582629674306e-05
BigIntBaseN,z0_b16,32,8.055555555555556e-06,6.775745257452574e-06,1.1706432748538013e-05,1.0513655462184875e-05
BigIntBaseN,z0_b16,36,7.8586017282011e-06,6.856065798492118e-06,1.1812278630460448e-05,1.1676779463243875e-05
BigIntBaseN,z0_b16,58,7.469753547423451e-06,6.6288933068257125e-06,1.1014317180616739e-05,1.0534736842105263e-05
BigIntBaseN,z0_b16,62,7.200143988480921e-06,6.658017298735862e-06,1.066027689030884e-05,1.0338842975206611e-05
BigIntBaseN,z0_b16,64,7.352681851579721e-06,6.615079365079365e-06,1.1326160815402037e-05,9.888339920948617e-06
BigIntBaseN,z0_b16,67,7.172043010752688e-06,6.483473752430331e-06,1.0517350157728707e-05,1.049632738719832e-05
BigIntBaseN,z1_b16,2,2.9510324483775814e-05,1.9589041095890412e-05,3.9125e-05,2.695687331536388e-05
BigIntBaseN,z1_b16,8,1.1774117647058824e-05,8.895111111111111e-06,1.7063032367972742e-05,1.3315159574468084e-05
BigIntBaseN,z1_b16,11,1.0889009793253536e-05,9.435849056603774e-06,1.4529753265602323e-05,1.3762035763411278e-05
BigIntBaseN,z1_b16,16,1.0170731707317072e-05,8.072639225181598e-06,1.4860326894502227e-05,1.1817001180637545e-05
BigIntBaseN,z1_b16,32,8.059629331184528e-06,7.37159676232524e-06,1.4431457431457431e-05,1.1498850574712645e-05
BigIntBaseN,z1_b16,36,8.570573139435415e-06,7.8302034428795e-06,1.5351681957186545e-05,1.2254589963280294e-05
BigIntBaseN,z1_b16,58,7.93201581027668e-06,8.170751633986928e-06,1.2020432692307692e-05,1.1058563535911601e-05
BigIntBaseN,z1_b16,62,7.607604562737643e-06,6.918395573997234e-06,1.1047461368653422e-05,1.0809935205183584e-05
BigIntBaseN,z1_b16,64,8.035341365461848e-06,6.4744336569579285e-06,1.1914285714285714e-05,1.116294642857143e-05
BigIntBaseN,z1_b16,67,7.425389755011136e-06,6.470245795601552e-06,1.0806695464362851e-05,1.0212244897959183e-05
BigIntBaseN,z218_b16,2,2.8904624277456647e-05,2.1128421052631578e-05,4.2491525423728814e-05,2.807002801120448e-05
BigIntBaseN,z218_b16,8,1.3861495844875345e-05,1.005120481927711e-05,1.8633147113594038e-05,1.5108761329305136e-05
BigIntBaseN,z218_b16,11,1.098682766190999e-05,9.216390423572745e-06,1.565414710485133e-05,1.432808022922636e-05
BigIntBaseN,z218_b16,16,1.019450101832994e-05,8.736244541484715e-06,1.5490712074303407e-05,1.3571815718157183e-05
BigIntBaseN,z218_b16,32,9.96613545816733e-06,8.124289195775792e-06,1.339223560910308e-05,1.1952210274790922e-05
BigIntBaseN,z218_b16,36,8.645635263612792e-06,8.082390953150241e-06,1.2762755102040815e-05,1.1584490740740741e-05
BigIntBaseN,z218_b16,58,8.10453808752026e-06,7.223826714801444e-06,1.2814340588988476e-05,1.1429714285714284e-05
BigIntBaseN,z218_b16,62,8.035341365461848e-06,7.071378091872791e-06,1.2344019728729964e-05,1.1435428571428571e-05
BigIntBaseN,z218_b16,64,8.398824517212426e-06,7.394678492239468e-06,1.2754140127388536e-05,1.1351872871736662e-05
BigIntBaseN,z218_b16,67,7.862421383647799e-06,7.54449472096531e-06,1.2060240963855421e-05,1.1860189573459715e-05
BigIntBaseN,z100_b16,2,2.9014492753623187e-05,1.9218809980806142e-05,4.210084033613445e-05,2.7871866295264623e-05
BigIntBaseN,z100_b16,8,1.2576633165829147e-05,1.0091826437941473e-05,1.775886524822695e-05,1.5079819277108432e-05
BigIntBaseN,z100_b16,11,1.0861020629750271e-05,8.807218309859155e-06,1.6205501618122976e-05,1.3375668449197861e-05
BigIntBaseN,z100_b16,16,1.037098445595855e-05,8.50127442650807e-06,1.4848664688427299e-05,1.3001298701298703e-05
BigIntBaseN,z100_b16,32,8.39261744966443e-06,7.807181889149103e-06,1.2413151364764269e-05,1.1611368909512762e-05
BigIntBaseN,z100_b16,36,8.202459016393443e-06,7.157367668097281e-06,1.2177615571776155e-05,1.0926855895196507e-05
BigIntBaseN,z100_b16,58,7.650611620795107e-06,6.734680134680135e-06,1.1518987341772152e-05,1.0524710830704522e-05
BigIntBaseN,z100_b16,62,7.950715421303657e-06,6.826057298772169e-06,1.1284103720405863e-05,1.051470588235294e-05
BigIntBaseN,z100_b16,64,7.563869992441421e-06,6.684702738810955e-06,1.1462772050400917e-05,1.0678381256656017e-05
BigIntBaseN,z100_b16,67,7.534638554216867e-06,6.77063599458728e-06,1.1740610328638497e-05,1.051155462184874e-05
BigIntBaseN,z196_b16,2,3.251948051948052e-05,1.943495145631068e-05,4.0039999999999996e-05,2.6948924731182792e-05
BigIntBaseN,z196_b16,8,1.2084541062801931e-05,9.535748331744518e-06,1.699490662139219e-05,1.4195744680851064e-05
BigIntBaseN,z196_b16,11,1.1219730941704035e-05,8.808098591549295e-06,1.6278048780487806e-05,1.3328894806924101e-05
BigIntBaseN,z196_b16,16,9.918731417244796e-06,8.380234505862646e-06,1.4357245337159254e-05,1.2609571788413098e-05
BigIntBaseN,z196_b16,32,8.652249134948097e-06,7.4504839910647795e-06,1.274904458598726e-05,1.2145631067961164e-05
BigIntBaseN,z196_b16,36,8.834805653710246e-06,7.423590504451039e-06,1.256532663316583e-05,1.1463917525773195e-05
BigIntBaseN,z196_b16,58,7.963375796178345e-06,7.243301955104996e-06,1.2028846153846154e-05,1.1149386845039019e-05
BigIntBaseN,z196_b16,62,7.909090909090909e-06,8.422558922558923e-06,1.168144690781797e-05,1.0932240437158469e-05
BigIntBaseN,z196_b16,64,7.921615201900237e-06,7.082861189801699e-06,1.18099173553719e-05,1.108980044345898e-05
BigIntBaseN,z196_b16,67,7.808743169398906e-06,7.155937052932762e-06,1.167561260210035e-05,1.1199105145413871e-05
BigIntBaseN,z0_b77,2,0.00021231250000000002,9.982178217821783e-05,0.00022668888888888888,0.00011115555555555557
BigIntBaseN,z0_b77,8,7.09290780141844e-05,4.7521327014218006e-05,7.472388059701493e-05,5.364171122994652e-05
BigIntBaseN,z0_b77,11,6.256875e-05,4.348260869565217e-05,7.376470588235293e-05,4.917156862745098e-05
BigIntBaseN,z0_b77,16,5.8894117647058825e-05,4.047177419354839e-05,5.9047058823529414e-05,4.4732142857142854e-05
BigIntBaseN,z0_b77,32,4.482142857142857e-05,3.485365853658536e-05,4.9205882352941174e-05,3.9588932806324114e-05
BigIntBaseN,z0_b77,36,4.8558252427184466e-05,3.445704467353952e-05,4.991542288557214e-05,4.1670833333333334e-05
BigIntBaseN,z0_b77,58,4.2931330472103004e-05,3.484668989547038e-05,4.6050458715596325e-05,3.930196078431372e-05
BigIntBaseN,z0_b77,62,4.219831223628692e-05,3.498951048951049e-05,4.655813953488372e-05,4.0897959183673465e-05
BigIntBaseN,z0_b77,64,4.299141630901287e-05,3.525e-05,4.56986301369863e-05,4.228270042194093e-05
BigIntBaseN,z0_b77,67,4.235864978902953e-05,3.953359683794466e-05,4.533031674208145e-05,4.062753036437247e-05
BigIntBaseN,z1_b77,2,0.00022063043478260869,0.00011187777777777777,0.0002473170731707317,0.00011296629213483146
BigIntBaseN,z1_b77,8,7.182142857142857e-05,4.998507462686567e-05,7.704615384615385e-05,5.601675977653631e-05
BigIntBaseN,z1_b77,11,6.28e-05,4.580365296803653e-05,7.457037037037037e-05,5.305820105820106e-05
BigIntBaseN,z1_b77,16,6.061212121212121e-05,4.2415254237288136e-05,6.032530120481928e-05,4.897073170731707e-05
BigIntBaseN,z1_b77,32,4.61697247706422e-05,3.7468164794007495e-05,5.1891191709844554e-05,4.320258620689655e-05
BigIntBaseN,z1_b77,36,4.6581395348837205e-05,3.731226765799257e-05,5.955952380952381e-05,4.212605042016807e-05
BigIntBaseN,z1_b77,58,4.344588744588744e-05,3.7074074074074075e-05,4.879512195121951e-05,4.438938053097345e-05
BigIntBaseN,z1_b77,62,4.122633744855968e-05,3.8329501915708816e-05,4.8931707317073174e-05,4.296137339055794e-05
BigIntBaseN,z1_b77,64,4.6623255813953487e-05,3.554255319148936e-05,4.4631111111111116e-05,3.874517374517375e-05
BigIntBaseN,z1_b77,67,3.930980392156863e-05,3.417747440273038e-05,4.4083700440528635e-05,3.820992366412214e-05
BigIntBaseN,z218_b77,2,0.00021438297872340426,0.00010172727272727273,0.00024042857142857142,0.00011385393258426966
BigIntBaseN,z218_b77,8,6.990277777777778e-05,4.8386473429951696e-05,7.481343283582089e-05,5.4005376344086024e-05
BigIntBaseN,z218_b77,11,6.245962732919255e-05,4.321120689655172e-05,7.01048951048951e-05,4.886829268292683e-05
BigIntBaseN,z218_b77,16,5.586111111111111e-05,4.276923076923077e-05,6.176543209876542e-05,4.94088669950739e-05
BigIntBaseN,z218_b77,32,4.6481481481481486e-05,3.8864341085271314e-05,5.13025641025641e-05,4.18125e-05
BigIntBaseN,z218_b77,36,4.606422018348624e-05,3.624275362318841e-05,5.116326530612245e-05,4.453333333333333e-05
BigIntBaseN,z218_b77,58,4.285897435897436e-05,3.6472727272727277e-05,4.789047619047619e-05,3.9239215686274506e-05
BigIntBaseN,z218_b77,62,4.043145161290322e-05,3.3771043771043775e-05,5.183937823834197e-05,3.939370078740157e-05
BigIntBaseN,z218_b77,64,4.0305220883534134e-05,3.8045627376425854e-05,4.513513513513513e-05,4.0305220883534134e-05
BigIntBaseN,z218_b77,67,3.981746031746032e-05,3.357046979865772e-05,4.576255707762557e-05,3.9773809523809525e-05
BigIntBaseN,z100_b77,2,0.00020939583333333333,0.00010121212121212121,0.00023024999999999999,0.00011301123595505617
BigIntBaseN,z100_b77,8,7.083098591549295e-05,5.521428571428572e-05,7.978571428571429e-05,5.308465608465609e-05
BigIntBaseN,z100_b77,11,7.013286713286714e-05,4.268936170212766e-05,6.667333333333332e-05,4.7695238095238095e-05
BigIntBaseN,z100_b77,16,5.4423913043478264e-05,4.086530612244898e-05,6.359493670886076e-05,4.505405405405406e-05
BigIntBaseN,z100_b77,32,4.505855855855856e-05,3.634057971014493e-05,5.102030456852791e-05,4.0853061224489796e-05
BigIntBaseN,z100_b77,36,4.411453744493392e-05,3.5091228070175437e-05,4.9960199004975126e-05,4.079268292682927e-05
BigIntBaseN,z100_b77,58,4.205882352941176e-05,3.357382550335571e-05,4.631018518518518e-05,3.8259541984732824e-05
BigIntBaseN,z100_b77,62,4.0615384615384615e-05,3.334333333333333e-05,4.4283185840707965e-05,3.7650375939849624e-05
BigIntBaseN,z100_b77,64,4.0599190283400814e-05,3.3464882943143814e-05,4.434070796460177e-05,3.982142857142857e-05
BigIntBaseN,z100_b77,67,4.0144e-05,3.349832775919733e-05,4.5207207207207206e-05,3.921960784313725e-05
BigIntBaseN,z196_b77,2,0.00021133333333333334,0.00010226530612244897,0.00023318604651162788,0.00011138888888888888
BigIntBaseN,z196_b77,8,6.834693877551021e-05,5.04321608040201e-05,7.661068702290077e-05,5.2513089005235606e-05
BigIntBaseN,z196_b77,11,6.240372670807454e-05,4.2897435897435896e-05,6.825850340136054e-05,4.83768115942029e-05
BigIntBaseN,z196_b77,16,5.5115384615384615e-05,4.125514403292181e-05,6.019760479041916e-05,4.8396135265700485e-05
BigIntBaseN,z196_b77,32,4.6032110091743124e-05,3.596057347670251e-05,5.1040816326530616e-05,4.1576763485477174e-05
BigIntBaseN,z196_b77,36,4.4635555555555554e-05,3.626811594202899e-05,5.050251256281407e-05,4.211764705882353e-05
BigIntBaseN,z196_b77,58,4.104508196721311e-05,3.3922033898305087e-05,4.9549504950495055e-05,3.876061776061776e-05
BigIntBaseN,z196_b77,62,4.3868421052631584e-05,3.336e-05,4.692056074766355e-05,3.859230769230769e-05
BigIntBaseN,z196_b77,64,4.0305220883534134e-05,3.3858108108108105e-05,4.469196428571429e-05,3.920703125e-05
BigIntBaseN,z196_b77,67,4.293162393162393e-05,3.360738255033557e-05,4.591284403669725e-05,3.864092664092664e-05
BigIntBaseN,z0_b513,2,0.0040813333333333335,0.001387,0.004051333333333333,0.001421625
BigIntBaseN,z0_b513,8,0.0014648571428571427,0.0007472142857142857,0.0015488571428571428,0.0007743846153846154
BigIntBaseN,z0_b513,11,0.001282625,0.0007060666666666666,0.001328125,0.0007237142857142858
BigIntBaseN,z0_b513,16,0.0011646666666666667,0.0006682666666666667,0.0011684444444444444,0.0007145
BigIntBaseN,z0_b513,32,0.0009677272727272728,0.0006150588235294118,0.0009782727272727271,0.00065
BigIntBaseN,z0_b513,36,0.0009216363636363636,0.0006087647058823529,0.0009216363636363636,0.00064925
BigIntBaseN,z0_b513,58,0.0008157692307692308,0.0006005294117647058,0.00083575,0.0006122941176470589
BigIntBaseN,z0_b513,62,0.0008089230769230769,0.0005828333333333333,0.0008555,0.0006039411764705882
BigIntBaseN,z0_b513,64,0.0007952307692307692,0.0006002941176470589,0.0008095384615384616,0.0006021764705882353
BigIntBaseN,z0_b513,67,0.0008198461538461539,0.0005921764705882353,0.0008036923076923078,0.0005913529411764706
BigIntBaseN,z1_b513,2,0.0040030000000000005,0.0014302857142857142,0.004137666666666667,0.0014465714285714286
BigIntBaseN,z1_b513,8,0.0014592857142857144,0.0007715384615384616,0.0014762857142857143,0.0007844615384615385
BigIntBaseN,z1_b513,11,0.0012855,0.0007051333333333333,0.001317125,0.0007543571428571428
BigIntBaseN,z1_b513,16,0.0011616666666666668,0.0006936,0.0011483333333333335,0.0007210714285714286
BigIntBaseN,z1_b513,32,0.000979181818181818,0.0006136470588235294,0.0009580000000000001,0.00063325
BigIntBaseN,z1_b513,36,0.0009104545454545455,0.0006067058823529412,0.0009201818181818183,0.0006303125
BigIntBaseN,z1_b513,58,0.0008216153846153846,0.0006062941176470588,0.00085125,0.0006023529411764706
BigIntBaseN,z1_b513,62,0.0008142307692307692,0.0006108823529411765,0.0008126153846153846,0.0005944117647058824
BigIntBaseN,z1_b513,64,0.0007900769230769231,0.0005897058823529411,0.0008107692307692308,0.000633
BigIntBaseN,z1_b513,67,0.0007931538461538462,0.0005914705882352941,0.0008027692307692308,0.0005938823529411765
BigIntBaseN,z218_b513,2,0.004011666666666667,0.001402125,0.0041003333333333334,0.0014255
BigIntBaseN,z218_b513,8,0.0014762857142857143,0.0007894615384615385,0.0014961428571428571,0.0007692142857142857
BigIntBaseN,z218_b513,11,0.001288375,0.0007195,0.00130325,0.0007190714285714285
BigIntBaseN,z218_b513,16,0.0011292222222222222,0.000665375,0.001145111111111111,0.000707
BigIntBaseN,z218_b513,32,0.0009354545454545455,0.0006122941176470589,0.0009744545454545454,0.0006290625
BigIntBaseN,z218_b513,36,0.0009058333333333333,0.0006171176470588235,0.0009140909090909091,0.0006263125
BigIntBaseN,z218_b513,58,0.0008408333333333333,0.0006216470588235294,0.0008434166666666667,0.0005991764705882354
BigIntBaseN,z218_b513,62,0.0007991538461538462,0.0005892941176470588,0.0008148461538461538,0.0006038235294117647
BigIntBaseN,z218_b513,64,0.0007913846153846155,0.0005805555555555555,0.0008112307692307692,0.0006409375
BigIntBaseN,z218_b513,67,0.0007943076923076924,0.000598235294117647,0.0008083076923076923,0.0006012941176470588
BigIntBaseN,z100_b513,2,0.004030333333333333,0.0014295714285714287,0.004107666666666667,0.001429875
BigIntBaseN,z100_b513,8,0.0015167142857142857,0.0007559999999999999,0.0014777142857142858,0.0007852307692307692
BigIntBaseN,z100_b513,11,0.001271125,0.0007049333333333333,0.001305,0.0007195
BigIntBaseN,z100_b513,16,0.0011378888888888888,0.0006697333333333333,0.0011775555555555556,0.0006940000000000001
BigIntBaseN,z100_b513,32,0.0009495454545454545,0.0006176470588235294,0.0009540909090909092,0.000635625
BigIntBaseN,z100_b513,36,0.0009195454545454546,0.00062525,0.0009261818181818181,0.0006439375
BigIntBaseN,z100_b513,58,0.0008359166666666667,0.0005978235294117647,0.0008266153846153846,0.0006014117647058824
BigIntBaseN,z100_b513,62,0.0007972307692307693,0.0005812222222222222,0.0008143846153846154,0.0005964705882352941
BigIntBaseN,z100_b513,64,0.0008576666666666667,0.0005979411764705883,0.0008749166666666666,0.0006041764705882354
BigIntBaseN,z100_b513,67,0.0007866923076923077,0.000581,0.0008010000000000001,0.0005984705882352942
BigIntBaseN,z196_b513,2,0.004019666666666667,0.001405125,0.004109666666666667,0.0014465714285714286
BigIntBaseN,z196_b513,8,0.0015227142857142857,0.0007416428571428572,0.0014714285714285714,0.0007610714285714286
BigIntBaseN,z196_b513,11,0.001298625,0.0007063333333333333,0.001309875,0.0007229285714285714
BigIntBaseN,z196_b513,16,0.001135,0.0006731333333333333,0.0011846666666666666,0.0007042
BigIntBaseN,z196_b513,32,0.0009465454545454545,0.0006105882352941176,0.0009560909090909091,0.00063425
BigIntBaseN,z196_b513,36,0.0009025833333333334,0.0006128823529411764,0.0009337272727272728,0.0006228823529411765
BigIntBaseN,z196_b513,58,0.0008483333333333333,0.0005984117647058824,0.0008288461538461539,0.0005984117647058824
BigIntBaseN,z196_b513,62,0.0008031538461538462,0.0005837222222222222,0.0008196153846153846,0.0005940588235294118
BigIntBaseN,z196_b513,64,0.000797076923076923,0.0005812222222222222,0.0008643333333333333,0.0006072352941176471
BigIntBaseN,z196_b513,67,0.0007836153846153846,0.0005772222222222222,0.0007993846153846154,0.0005968823529411765
BigIntBaseN,z0_b732,2,0.008036,0.0029425,0.0078905,0.00297675
BigIntBaseN,z0_b732,8,0.00277975,0.0014668571428571428,0.00280425,0.0015597142857142858
BigIntBaseN,z0_b732,11,0.002463,0.0013945,0.002502,0.0014468571428571427
BigIntBaseN,z0_b732,16,0.0022636,0.001322125,0.0022382,0.001352625
BigIntBaseN,z0_b732,32,0.0018246666666666665,0.0012018888888888888,0.001838,0.0012386666666666666
BigIntBaseN,z0_b732,36,0.00179,0.0012191111111111111,0.0018406666666666667,0.0012482222222222222
BigIntBaseN,z0_b732,58,0.0016175714285714285,0.001167,0.0016222857142857143,0.0011685555555555555
BigIntBaseN,z0_b732,62,0.001574,0.0011465555555555556,0.001622857142857143,0.0012083333333333332
BigIntBaseN,z0_b732,64,0.0015705714285714286,0.0011536666666666666,0.0016085714285714284,0.0011762222222222222
BigIntBaseN,z0_b732,67,0.0015814285714285715,0.0011428888888888888,0.0015814285714285715,0.0011715555555555555
BigIntBaseN,z1_b732,2,0.0078505,0.00285075,0.0077305,0.00291825
BigIntBaseN,z1_b732,8,0.00290925,0.001503857142857143,0.00282875,0.0015115714285714285
BigIntBaseN,z1_b732,11,0.0024736000000000003,0.0014372857142857143,0.00251025,0.0014432857142857142
BigIntBaseN,z1_b732,16,0.0022018,0.001323375,0.002202,0.001330625
BigIntBaseN,z1_b732,32,0.001825,0.0012085555555555556,0.0018651666666666667,0.0012695
BigIntBaseN,z1_b732,36,0.0017921666666666667,0.0012037777777777778,0.001797,0.0012258888888888888
BigIntBaseN,z1_b732,58,0.0016297142857142858,0.0011697777777777776,0.0016474285714285716,0.0011797777777777779
BigIntBaseN,z1_b732,62,0.0016204285714285715,0.0011703333333333333,0.0017665,0.0011646666666666667
BigIntBaseN,z1_b732,64,0.0016027142857142857,0.0011465555555555556,0.0016111428571428572,0.0011749999999999998
BigIntBaseN,z1_b732,67,0.0015755714285714286,0.0011563333333333332,0.0016801428571428573,0.0011647777777777776
BigIntBaseN,z218_b732,2,0.0076925,0.00280075,0.0078285,0.0028675
BigIntBaseN,z218_b732,8,0.0028095,0.0014962857142857143,0.00296875,0.0015270000000000001
BigIntBaseN,z218_b732,11,0.00251525,0.0014585714285714286,0.0025485,0.00142775
BigIntBaseN,z218_b732,16,0.002186,0.001344,0.0022096,0.001356
BigIntBaseN,z218_b732,32,0.0018824999999999998,0.00129025,0.0018655,0.0012451111111111111
BigIntBaseN,z218_b732,36,0.0017826666666666668,0.0012314444444444445,0.0017938333333333333,0.0012125555555555557
BigIntBaseN,z218_b732,58,0.0016159999999999998,0.0011964444444444444,0.0017131666666666667,0.001196
BigIntBaseN,z218_b732,62,0.00162,0.0011491111111111112,0.001611,0.0011724444444444445
BigIntBaseN,z218_b732,64,0.001591714285714286,0.0011627777777777778,0.0016070000000000001,0.0012192222222222222
BigIntBaseN,z218_b732,67,0.00158,0.0011628888888888889,0.0015985714285714286,0.001158888888888889
BigIntBaseN,z100_b732,2,0.007698,0.00285225,0.007898,0.00302575
BigIntBaseN,z100_b732,8,0.0027905,0.0014998571428571428,0.00285675,0.0014912857142857143
BigIntBaseN,z100_b732,11,0.0024596,0.0014335,0.0025177999999999997,0.0015374285714285715
BigIntBaseN,z100_b732,16,0.0023898,0.00137125,0.00250475,0.00149025
BigIntBaseN,z100_b732,32,0.0018343333333333334,0.001279625,0.0019971666666666666,0.00129075
BigIntBaseN,z100_b732,36,0.0018989999999999999,0.00125175,0.0020101999999999997,0.00134425
BigIntBaseN,z100_b732,58,0.0017066666666666669,0.001294,0.0017423333333333334,0.0012525
BigIntBaseN,z100_b732,62,0.0018083333333333335,0.0012573333333333334,0.0017000000000000001,0.00125775
BigIntBaseN,z100_b732,64,0.0017130000000000001,0.00128075,0.0017368333333333333,0.001254
BigIntBaseN,z100_b732,67,0.0017540000000000001,0.0011993333333333333,0.0016485714285714285,0.0012337777777777777
BigIntBaseN,z196_b732,2,0.0080925,0.003402,0.008949,0.00378
BigIntBaseN,z196_b732,8,0.0035443333333333334,0.0018933333333333335,0.0034813333333333332,0.0017475
BigIntBaseN,z196_b732,11,0.002606,0.0014847142857142856,0.00282475,0.0014651428571428571
BigIntBaseN,z196_b732,16,0.0023406,0.0014575714285714285,0.0022928000000000002,0.001406375
BigIntBaseN,z196_b732,32,0.0019486666666666665,0.0012632222222222222,0.001966166666666667,0.00134125
BigIntBaseN,z196_b732,36,0.0019388333333333332,0.0012334444444444443,0.0019571666666666665,0.001258
BigIntBaseN,z196_b732,58,0.0016209999999999998,0.001261125,0.0017205,0.0012266666666666667
BigIntBaseN,z196_b732,62,0.0017696666666666668,0.0012132222222222223,0.001653,0.001258875
BigIntBaseN,z196_b732,64,0.0015744285714285715,0.001156111111111111,0.0016012857142857144,0.0012064444444444444
BigIntBaseN,z196_b732,67,0.0015992857142857143,0.0011597777777777778,0.0016285714285714287,0.0012242222222222222
LoopBaseN,z0_b1,2,5.796639629200463e-06,1.0285714285714285e-05,4.187029288702929e-05,0.00013694594594594595
LoopBaseN,z0_b1,8,3.3702830188679243e-06,4.2666382252559725e-06,1.6120772946859903e-05,2.874137931034483e-05
LoopBaseN,z0_b1,11,3.169889064976228e-06,4.7920459990416864e-06,1.5598130841121495e-05,2.2146017699115042e-05
LoopBaseN,z0_b1,16,2.9702999702999702e-06,3.035497572815534e-06,1.3053455019556715e-05,1.8926275992438564e-05
LoopBaseN,z0_b1,32,2.561731557377049e-06,3.213688946015424e-06,1.1765882352941176e-05,1.6164781906300482e-05
LoopBaseN,z0_b1,36,2.816671360180231e-06,3.0336669699727028e-06,1.2615384615384616e-05,1.3485175202156333e-05
LoopBaseN,z0_b1,58,2.7695929105510936e-06,3.232730794060684e-06,1.1097560975609756e-05,1.3120576671035388e-05
LoopBaseN,z0_b1,62,2.615625816566501e-06,3.344366432631227e-06,1.073175965665236e-05,1.2078502415458937e-05
LoopBaseN,z0_b1,64,2.814293753517164e-06,3.0263237518910744e-06,1.1956989247311827e-05,1.2559598494353826e-05
LoopBaseN,z0_b1,67,2.8016806722689075e-06,3.2157556270096463e-06,1.0629904559915164e-05,1.2269607843137256e-05
LoopBaseN,z1_b1,2,4.880546075085324e-06,6.048972188633616e-06,3.818320610687023e-05,0.00011761627906976745
LoopBaseN,z1_b1,8,2.675494917067951e-06,3.102667493796526e-06,1.5403076923076922e-05,2.6764705882352942e-05
LoopBaseN,z1_b1,11,2.7568832599118942e-06,3.146947765890497e-06,1.5593457943925234e-05,1.9013307984790875e-05
LoopBaseN,z1_b1,16,2.8460443938531586e-06,3.0524870308208725e-06,1.3308510638297871e-05,1.9296724470134873e-05
LoopBaseN,z1_b1,32,1.986690504568931e-06,2.415700483091787e-06,1.0947483588621443e-05,1.4365853658536584e-05
LoopBaseN,z1_b1,36,2.2622061482820975e-06,2.165872672152447e-06,1.1883610451306413e-05,1.3619047619047619e-05
LoopBaseN,z1_b1,58,2.1734028683181228e-06,2.3785969084423305e-06,1.0034102306920764e-05,1.2535087719298245e-05
LoopBaseN,z1_b1,62,2.097024308466052e-06,2.2441103881534665e-06,1.1051933701657459e-05,1.1955794504181602e-05
LoopBaseN,z1_b1,64,2.1982417582417585e-06,2.2094102054340625e-06,1.0056281407035174e-05,1.2481296758104738e-05
LoopBaseN,z1_b1,67,2.018772708922083e-06,2.427427184466019e-06,9.37863167760075e-06,1.041875e-05
LoopBaseN,z218_b1,2,7.050035236081749e-06,1.181582054309327e-05,4.260851063829787e-05,0.000141
LoopBaseN,z218_b1,8,3.989629038691664e-06,4.752969121140143e-06,1.8161524500907443e-05,3.1475e-05
LoopBaseN,z218_b1,11,3.9541501976284585e-06,5.0115230460921845e-06,1.6825210084033614e-05,2.3847619047619048e-05
LoopBaseN,z218_b1,16,3.613078034682081e-06,4.042441390460792e-06,1.468575624082232e-05,1.8506469500924214e-05
LoopBaseN,z218_b1,32,3.3492967180174146e-06,4.054722334819619e-06,1.2890463917525774e-05,1.4405755395683453e-05
LoopBaseN,z218_b1,36,3.313680026498841e-06,3.8487879953828395e-06,1.5040601503759399e-05,1.4271041369472183e-05
LoopBaseN,z218_b1,58,3.3844331641285955e-06,3.873353989155693e-06,1.1418949771689498e-05,1.2834615384615386e-05
LoopBaseN,z218_b1,62,3.3144466534128563e-06,3.7456993268511596e-06,1.1330690826727066e-05,1.2755414012738852e-05
LoopBaseN,z218_b1,64,3.4919692737430165e-06,3.7251396648044696e-06,1.1413911060433295e-05,1.2981841763942932e-05
LoopBaseN,z218_b1,67,3.342914438502674e-06,3.788636363636364e-06,1.1288939051918737e-05,1.2692893401015229e-05
LoopBaseN,z100_b1,2,6.167077681874229e-06,1.0404365904365905e-05,3.8829457364341086e-05,0.00013742465753424656
LoopBaseN,z100_b1,8,3.547163120567376e-06,4.245331069609508e-06,1.6685e-05,2.647883597883598e-05
LoopBaseN,z100_b1,11,3.425e-06,4.259369676320272e-06,1.5414483821263484e-05,2.1107594936708862e-05
LoopBaseN,z100_b1,16,2.8835399250504466e-06,3.543393552957846e-06,1.3188405797101449e-05,1.7366319444444444e-05
LoopBaseN,z100_b1,32,2.9319847552037524e-06,3.295551894563427e-06,1.1935560859188545e-05,1.3626702997275204e-05
LoopBaseN,z100_b1,36,2.9776719261685027e-06,3.309728656518862e-06,1.1688084112149533e-05,1.4616058394160584e-05
LoopBaseN,z100_b1,58,2.936014088641033e-06,3.3387850467289717e-06,1.0839653304442037e-05,1.2312423124231241e-05
LoopBaseN,z100_b1,62,2.9254167885346594e-06,3.3354451483827943e-06,1.1045253863134658e-05,1.2257352941176471e-05
LoopBaseN,z100_b1,64,3.003303303303303e-06,3.3549144582354912e-06,1.14902411021814e-05,1.2022836538461538e-05
LoopBaseN,z100_b1,67,2.95596926713948e-06,3.347389558232932e-06,1.0698395721925133e-05,1.208695652173913e-05
LoopBaseN,z196_b1,2,6.488975356679636e-06,1.0745435016111708e-05,3.876061776061776e-05,0.00013186842105263158
LoopBaseN,z196_b1,8,3.935090479937057e-06,4.706020696142992e-06,1.7442508710801392e-05,2.6943548387096776e-05
LoopBaseN,z196_b1,11,3.807765511990864e-06,4.6011959521619135e-06,1.5910969793322733e-05,2.167316017316017e-05
LoopBaseN,z196_b1,16,3.2368932038834955e-06,3.632764257173992e-06,1.4386494252873562e-05,1.816333938294011e-05
LoopBaseN,z196_b1,32,3.264360313315927e-06,3.773962264150943e-06,1.22997542997543e-05,1.5734276729559747e-05
LoopBaseN,z196_b1,36,3.3270126413838987e-06,3.665445218028582e-06,1.248079306071871e-05,1.4154172560113155e-05
LoopBaseN,z196_b1,58,3.2393134715025907e-06,4.182274247491639e-06,1.1366628830874007e-05,1.395955369595537e-05
LoopBaseN,z196_b1,62,3.3741565452091765e-06,3.967869892899643e-06,1.230258302583026e-05,1.320580474934037e-05
LoopBaseN,z196_b1,64,3.6301667875271936e-06,3.7440119760479043e-06,1.2876447876447877e-05,1.5024024024024022e-05
LoopBaseN,z196_b1,67,3.8827639751552796e-06,4.102132895816243e-06,1.1970095693779905e-05,1.4782865583456424e-05
LoopBaseN,z0_b2,2,1.1803066037735849e-05,2.9554572271386432e-05,5.216580310880829e-05,0.00019729411764705883
LoopBaseN,z0_b2,8,6.033172496984319e-06,7.700538876058506e-06,2.2714285714285713e-05,3.438831615120275e-05
LoopBaseN,z0_b2,11,5.075596144089295e-06,6.9965034965034965e-06,1.8527777777777778e-05,2.756749311294766e-05
LoopBaseN,z0_b2,16,4.498875393612236e-06,5.0499747602221105e-06,1.716466552315609e-05,2.215929203539823e-05
LoopBaseN,z0_b2,32,4.730023640661939e-06,5.349732620320856e-06,1.4526850507982584e-05,2.0706004140786748e-05
LoopBaseN,z0_b2,36,3.5862316242380785e-06,4.252125850340136e-06,1.453265602322206e-05,1.742682926829268e-05
LoopBaseN,z0_b2,58,3.930058939096267e-06,4.241730279898219e-06,1.3880721220527045e-05,1.684006734006734e-05
LoopBaseN,z0_b2,62,3.572141075881724e-06,4.3795971978984236e-06,1.2370828182941903e-05,1.3262251655629139e-05
LoopBaseN,z0_b2,64,3.623913043478261e-06,3.91620986687549e-06,1.2020432692307692e-05,1.3456989247311828e-05
LoopBaseN,z0_b2,67,3.663369963369963e-06,4.064581640942324e-06,1.2316502463054186e-05,1.3801379310344827e-05
LoopBaseN,z1_b2,2,1.2663291139240507e-05,2.759504132231405e-05,5.395698924731183e-05,0.00019175471698113208
LoopBaseN,z1_b2,8,5.939429928741093e-06,7.666666666666667e-06,2.081081081081081e-05,3.5408450704225355e-05
LoopBaseN,z1_b2,11,5.058139534883721e-06,6.8393711551606286e-06,1.8240437158469948e-05,2.7424657534246574e-05
LoopBaseN,z1_b2,16,4.5033768572715e-06,5.1452026680348895e-06,1.731833910034602e-05,2.165151515151515e-05
LoopBaseN,z1_b2,32,4.473166368515206e-06,5.686185332575327e-06,1.5510077519379847e-05,1.885310734463277e-05
LoopBaseN,z1_b2,36,4.277587681779298e-06,5.403025391680173e-06,1.5203647416413375e-05,1.7375e-05
LoopBaseN,z1_b2,58,3.8300153139356814e-06,4.039176090468497e-06,1.3633514986376022e-05,1.7183848797250857e-05
LoopBaseN,z1_b2,62,3.739065420560748e-06,4.2656716417910445e-06,1.2533834586466166e-05,1.4412103746397695e-05
LoopBaseN,z1_b2,64,3.982875348466746e-06,4.089329021827001e-06,1.2701776649746194e-05,1.378099173553719e-05
LoopBaseN,z1_b2,67,3.814263920671243e-06,4.397362637362638e-06,1.2719186785260483e-05,1.576692913385827e-05
LoopBaseN,z218_b2,2,1.2276073619631901e-05,2.8016806722689075e-05,5.1343589743589744e-05,0.00019240384615384616
LoopBaseN,z218_b2,8,5.9648181276088255e-06,7.217171717171717e-06,2.063298969072165e-05,3.3922033898305087e-05
LoopBaseN,z218_b2,11,5.759355210132413e-06,6.977684797768479e-06,2.0370672097759675e-05,2.9034782608695653e-05
LoopBaseN,z218_b2,16,5.484100877192982e-06,5.774249422632794e-06,1.8119565217391307e-05,2.3925837320574163e-05
LoopBaseN,z218_b2,32,4.766920877025738e-06,5.253676470588235e-06,1.610576923076923e-05,2.136965811965812e-05
LoopBaseN,z218_b2,36,4.628412771864878e-06,5.2028081123244926e-06,1.5525581395348837e-05,1.7194158075601374e-05
LoopBaseN,z218_b2,58,4.672582905184493e-06,4.902008819206272e-06,1.4214488636363637e-05,1.5634375e-05
LoopBaseN,z218_b2,62,4.617728531855956e-06,5.498625618471688e-06,1.361360544217687e-05,1.537327188940092e-05
LoopBaseN,z218_b2,64,4.511502029769959e-06,4.956392467789891e-06,1.3824585635359116e-05,1.531145038167939e-05
LoopBaseN,z218_b2,67,4.634383688600556e-06,5.233385661957091e-06,1.3494609164420485e-05,1.596969696969697e-05
LoopBaseN,z100_b2,2,1.1800707547169812e-05,2.6489417989417987e-05,5.155670103092784e-05,0.00018347272727272726
LoopBaseN,z100_b2,8,5.096790626591951e-06,6.692307692307692e-06,2.0023952095808383e-05,3.2800000000000004e-05
LoopBaseN,z100_b2,11,5.105666156202144e-06,6.50227420402859e-06,1.9076190476190476e-05,2.6336842105263156e-05
LoopBaseN,z100_b2,16,4.533242876526459e-06,5.2581493165089375e-06,1.5840189873417723e-05,2.1780434782608697e-05
LoopBaseN,z100_b2,32,3.9514026076649545e-06,4.358169934640523e-06,1.4147100424328148e-05,1.7440766550522648e-05
LoopBaseN,z100_b2,36,4.264818763326226e-06,4.456773618538324e-06,1.346164199192463e-05,1.5838607594936708e-05
LoopBaseN,z100_b2,58,3.924284032954099e-06,4.388767003071523e-06,1.2502500000000001e-05,1.3880721220527045e-05
LoopBaseN,z100_b2,62,3.915068493150685e-06,4.234970364098222e-06,1.2773946360153258e-05,1.4074542897327707e-05
LoopBaseN,z100_b2,64,3.856923076923077e-06,4.323249783923941e-06,1.3207124010554091e-05,1.3694938440492476e-05
LoopBaseN,z100_b2,67,3.961188118811882e-06,4.2733874412644175e-06,1.2197560975609757e-05,1.4145685997171145e-05
LoopBaseN,z196_b2,2,1.2351851851851852e-05,2.9470588235294117e-05,4.8921951219512196e-05,0.00018687037037037036
LoopBaseN,z196_b2,8,5.939429928741093e-06,8.015224358974359e-06,2.0941422594142258e-05,3.201277955271565e-05
LoopBaseN,z196_b2,11,5.405186385737439e-06,6.86547700754976e-06,1.897912713472486e-05,2.9277777777777775e-05
LoopBaseN,z196_b2,16,4.752969121140143e-06,5.656674208144796e-06,1.6665557404326123e-05,2.2642533936651583e-05
LoopBaseN,z196_b2,32,4.7870813397129185e-06,5.7832369942196535e-06,1.5073795180722893e-05,1.8095840867992767e-05
LoopBaseN,z196_b2,36,4.172715894868586e-06,4.968206656731247e-06,1.4320457796852646e-05,1.8183636363636362e-05
LoopBaseN,z196_b2,58,4.206635867282654e-06,4.770147830233667e-06,1.4389928057553957e-05,1.63562091503268e-05
LoopBaseN,z196_b2,62,4.168333333333334e-06,4.663869463869464e-06,1.2868894601542416e-05,1.4693098384728339e-05
LoopBaseN,z196_b2,64,4.41155712395236e-06,4.779741997133302e-06,1.3e-05,1.4343839541547277e-05
LoopBaseN,z196_b2,67,4.1985726280436605e-06,4.655188459748721e-06,1.3074509803921568e-05,1.4596209912536442e-05
LoopBaseN,z0_b0,2,1.3320458177943526e-06,1.4826563889712423e-06,2.964497041420118e-05,8.974107142857143e-05
LoopBaseN,z0_b0,8,1.2780830670926516e-06,1.4860326894502227e-06,1.2537593984962406e-05,1.822040072859745e-05
LoopBaseN,z0_b0,11,1.3009885535900105e-06,1.4574468085106382e-06,1.1250843644544432e-05,1.4979041916167663e-05
LoopBaseN,z0_b0,16,1.358598207008965e-06,1.490315852205006e-06,1.006841046277666e-05,1.2899484536082474e-05
LoopBaseN,z0_b0,32,1.2867987647967061e-06,1.4398214799884824e-06,9.565009560229445e-06,1.144279176201373e-05
LoopBaseN,z0_b0,36,1.2904516129032257e-06,1.4698016164584865e-06,8.616709732988804e-06,1.0792880258899676e-05
LoopBaseN,z0_b0,58,1.3001820072802912e-06,1.5680464095327689e-06,9.13972602739726e-06,1.019979612640163e-05
LoopBaseN,z0_b0,62,1.3300970873786408e-06,1.4900356930398573e-06,8.760945709281962e-06,1.0026052104208416e-05
LoopBaseN,z0_b0,64,1.2902851245000645e-06,1.5263238211506181e-06,8.633304572907678e-06,1.0186354378818737e-05
LoopBaseN,z0_b0,67,1.300520156046814e-06,1.4502610208816704e-06,9.640655105973025e-06,9.742940603700096e-06
LoopBaseN,z1_b0,2,1.3249867514573397e-06,1.4816296296296296e-06,2.626509186351706e-05,7.752307692307693e-05
LoopBaseN,z1_b0,8,1.3424161073825503e-06,1.5059478994127389e-06,1.1582175925925927e-05,1.6189320388349515e-05
LoopBaseN,z1_b0,11,1.3286834064036136e-06,1.4833877187778106e-06,1.1218609865470853e-05,1.4688693098384728e-05
LoopBaseN,z1_b0,16,1.3185234014502307e-06,1.4726148409893994e-06,1.1182122905027932e-05,1.339491298527443e-05
LoopBaseN,z1_b0,32,1.3206127030239007e-06,1.4514584240313453e-06,8.755030621172354e-06,9.941351888667992e-06
LoopBaseN,z1_b0,36,1.3471174568965518e-06,1.4807521468759254e-06,8.429654591406907e-06,1.0069416498993964e-05
LoopBaseN,z1_b0,58,1.4201049198922445e-06,1.4955143540669858e-06,8.18494271685761e-06,8.57975986277873e-06
LoopBaseN,z1_b0,62,1.432808022922636e-06,1.5060984791447073e-06,8.246496290189612e-06,9.039747064137309e-06
LoopBaseN,z1_b0,64,1.3334666666666666e-06,1.4774708228689614e-06,8.241350906095552e-06,9.540437678401522e-06
LoopBaseN,z1_b0,67,1.393479169569458e-06,1.453000145285486e-06,8.092233009708738e-06,8.775438596491228e-06
LoopBaseN,z218_b0,2,2.026337115072934e-06,2.3038470398525682e-06,2.9494117647058825e-05,9.194495412844036e-05
LoopBaseN,z218_b0,8,2.065248812719389e-06,2.4496693607641443e-06,1.4800295857988166e-05,1.9416666666666667e-05
LoopBaseN,z218_b0,11,2.084375e-06,2.3282122905027936e-06,1.3091623036649215e-05,1.7516637478108583e-05
LoopBaseN,z218_b0,16,2.0143001007049346e-06,2.2636939791760976e-06,1.1310734463276835e-05,1.4644216691068815e-05
LoopBaseN,z218_b0,32,2.1743478260869565e-06,2.275995449374289e-06,1.078771551724138e-05,1.2700507614213198e-05
LoopBaseN,z218_b0,36,1.991636798088411e-06,2.2463507747585897e-06,1.052842105263158e-05,1.2782886334610473e-05
LoopBaseN,z218_b0,58,2.041020408163265e-06,2.261361067148994e-06,1.043378519290928e-05,1.0839653304442037e-05
LoopBaseN,z218_b0,62,2.041020408163265e-06,2.2929848693259975e-06,9.83677482792527e-06,1.1129032258064516e-05
LoopBaseN,z218_b0,64,2.004810583283223e-06,2.2806657546739626e-06,9.695736434108527e-06,1.1013201320132014e-05
LoopBaseN,z218_b0,67,2.1802921299324175e-06,2.25321018247353e-06,1.0025050100200401e-05,1.1142538975501112e-05
LoopBaseN,z100_b0,2,1.6419307174519783e-06,1.8693457943925233e-06,2.8354107648725213e-05,8.570940170940171e-05
LoopBaseN,z100_b0,8,1.6628428927680799e-06,1.9210526315789474e-06,1.3670765027322405e-05,1.9492217898832684e-05
LoopBaseN,z100_b0,11,1.7863904268619396e-06,1.8523800703834043e-06,1.1498850574712645e-05,1.5231354642313546e-05
LoopBaseN,z100_b0,16,1.6387022775684088e-06,1.8777694329703342e-06,1.0740343347639485e-05,1.3410187667560324e-05
LoopBaseN,z100_b0,32,1.6886712814452136e-06,1.9470508078645127e-06,1.0294238683127572e-05,1.1926102502979738e-05
LoopBaseN,z100_b0,36,1.6546988749172733e-06,2.1206530958439354e-06,9.669565217391305e-06,1.0710920770877945e-05
LoopBaseN,z100_b0,58,1.683953527529887e-06,1.806865401987353e-06,9.175229357798165e-06,1.0815135135135137e-05
LoopBaseN,z100_b0,62,1.721935261707989e-06,1.8630774962742175e-06,9.184573002754822e-06,1.0595338983050849e-05
LoopBaseN,z100_b0,64,1.6330829523187458e-06,1.8487985212569318e-06,9.092727272727273e-06,1.0382780082987552e-05
LoopBaseN,z100_b0,67,1.6945103354794983e-06,1.8802406467381086e-06,9.602687140115162e-06,1.0477486910994764e-05
LoopBaseN,z196_b0,2,1.9582925396514586e-06,2.1999560052793664e-06,2.882420749279539e-05,8.65e-05
LoopBaseN,z196_b0,8,1.941005239666214e-06,2.206972639011474e-06,1.3522972972972973e-05,1.9421359223300973e-05
LoopBaseN,z196_b0,11,2.064616019818332e-06,2.21011931064958e-06,1.1860189573459715e-05,1.5944267515923566e-05
LoopBaseN,z196_b0,16,1.9426961926961927e-06,2.234361036639857e-06,1.1741217798594847e-05,1.4576419213973799e-05
LoopBaseN,z196_b0,32,2.019995960412038e-06,2.1793028322440087e-06,1.1138084632516704e-05,1.3026041666666667e-05
LoopBaseN,z196_b0,36,1.929949826321883e-06,2.1869669801005903e-06,9.694767441860465e-06,1.1280721533258173e-05
LoopBaseN,z196_b0,58,2.021220695230396e-06,2.1807675534234626e-06,9.917740336967295e-06,1.1116666666666666e-05
LoopBaseN,z196_b0,62,2.071029198591841e-06,2.2866941015089166e-06,9.705140640155188e-06,1.1296839729119639e-05
LoopBaseN,z196_b0,64,1.942318896873179e-06,2.2360831656606305e-06,9.7734375e-06,1.1096452328159646e-05
LoopBaseN,z196_b0,67,1.9550430023455825e-06,2.169885007593838e-06,9.698643410852714e-06,1.2207317073170732e-05
LoopBaseN,z0_b3,2,1.8146739130434783e-05,5.240314136125655e-05,6.117073170731706e-05,0.0002465853658536585
LoopBaseN,z0_b3,8,7.581060606060607e-06,1.067556029882604e-05,2.4660098522167486e-05,4.132644628099173e-05
LoopBaseN,z0_b3,11,6.9451388888888885e-06,9.523311132254995e-06,2.18471615720524e-05,3.1933121019108276e-05
LoopBaseN,z0_b3,16,5.83265306122449e-06,7.456780923994039e-06,1.8436464088397792e-05,2.6018181818181818e-05
LoopBaseN,z0_b3,32,5.425162689804773e-06,6.191831683168316e-06,1.6770519262981575e-05,2.417391304347826e-05
LoopBaseN,z0_b3,36,5.2892649391856166e-06,6.5342913128674076e-06,1.5909379968203497e-05,1.9053333333333333e-05
LoopBaseN,z0_b3,58,4.7196790939122225e-06,5.028154851684263e-06,1.4820740740740742e-05,1.6686666666666667e-05
LoopBaseN,z0_b3,62,4.639146567717996e-06,4.962301587301588e-06,1.4891369047619048e-05,1.7334488734835355e-05
LoopBaseN,z0_b3,64,4.644382544103993e-06,5.022088353413655e-06,1.421590909090909e-05,1.687689713322091e-05
LoopBaseN,z0_b3,67,4.651324965132497e-06,5.133983572895277e-06,1.4264957264957265e-05,1.7376736111111113e-05
LoopBaseN,z1_b3,2,1.992231075697211e-05,5.2915343915343914e-05,5.982738095238095e-05,0.00024316666666666665
LoopBaseN,z1_b3,8,7.554380664652568e-06,1.05205047318612e-05,2.42590799031477e-05,4.048987854251012e-05
LoopBaseN,z1_b3,11,6.849418206707734e-06,9.00900090009001e-06,2.201978021978022e-05,3.5288732394366195e-05
LoopBaseN,z1_b3,16,6.021673690547863e-06,8.205086136177194e-06,1.8948863636363635e-05,2.607552083333333e-05
LoopBaseN,z1_b3,32,5.392452830188679e-06,6.283291457286432e-06,1.6614617940199336e-05,2.109915611814346e-05
LoopBaseN,z1_b3,36,5.148224395265054e-06,6.588274044795784e-06,1.613225806451613e-05,1.9232692307692305e-05
LoopBaseN,z1_b3,58,4.6525581395348835e-06,4.9771144278606965e-06,1.4370689655172415e-05,1.6902027027027025e-05
LoopBaseN,z1_b3,62,4.687441424554827e-06,5.066362715298886e-06,1.4526850507982584e-05,1.7772646536412077e-05
LoopBaseN,z1_b3,64,4.736268939393939e-06,4.9785963165754105e-06,1.554658385093168e-05,1.7166380789022297e-05
LoopBaseN,z1_b3,67,4.844067796610169e-06,5.039294710327456e-06,1.4373563218390806e-05,1.6939086294416245e-05
LoopBaseN,z218_b3,2,1.9273603082851636e-05,5.457608695652174e-05,6.504545454545455e-05,0.00024152380952380953
LoopBaseN,z218_b3,8,8.694178974804519e-06,1.1138084632516704e-05,2.4982543640897757e-05,4.132098765432099e-05
LoopBaseN,z218_b3,11,7.706471494607087e-06,9.914767096134787e-06,2.3250580046403713e-05,3.564412811387901e-05
LoopBaseN,z218_b3,16,7.290087463556852e-06,8.259289843104873e-06,1.951851851851852e-05,2.6820375335120647e-05
LoopBaseN,z218_b3,32,6.132434089515635e-06,6.967270194986073e-06,1.7765541740674957e-05,2.2404921700223713e-05
LoopBaseN,z218_b3,36,5.873165002935996e-06,7.019649122807017e-06,1.7630281690140847e-05,2.0090361445783133e-05
LoopBaseN,z218_b3,58,5.95830851697439e-06,6.989532449406839e-06,1.584944532488114e-05,1.829981718464351e-05
LoopBaseN,z218_b3,62,5.267509215376514e-06,5.782080924855491e-06,1.5370199692780338e-05,1.8066787003610108e-05
LoopBaseN,z218_b3,64,5.394070080862533e-06,6.21104903786468e-06,1.5855784469096673e-05,1.8424632352941177e-05
LoopBaseN,z218_b3,67,5.348128342245989e-06,5.757192174913693e-06,1.559190031152648e-05,1.8181488203266788e-05
LoopBaseN,z100_b3,2,1.8210909090909092e-05,5.019e-05,6.00059880239521e-05,0.000252175
LoopBaseN,z100_b3,8,7.891955835962146e-06,1.1394077448747153e-05,2.4930348258706466e-05,4.0152e-05
LoopBaseN,z100_b3,11,7.0592801693719125e-06,9.433553251649388e-06,2.163498920086393e-05,3.2228295819935697e-05
LoopBaseN,z100_b3,16,6.307061790668348e-06,8.433389544688028e-06,1.9285163776493258e-05,2.684450402144772e-05
LoopBaseN,z100_b3,32,5.584031267448353e-06,6.596710526315789e-06,1.607223113964687e-05,2.0072144288577157e-05
LoopBaseN,z100_b3,36,5.497802197802197e-06,6.585911784068467e-06,1.6299674267100976e-05,1.9994011976047905e-05
LoopBaseN,z100_b3,58,5.336e-06,5.360664523043944e-06,1.4801775147928993e-05,1.7685512367491165e-05
LoopBaseN,z100_b3,62,4.96772591857001e-06,5.5148842337375965e-06,1.4734904270986746e-05,1.786964285714286e-05
LoopBaseN,z100_b3,64,5.043368633383762e-06,5.512396694214876e-06,1.5406153846153845e-05,1.7839572192513368e-05
LoopBaseN,z100_b3,67,4.9353724716329555e-06,5.373992477162815e-06,1.493731343283582e-05,1.757017543859649e-05
LoopBaseN,z196_b3,2,1.8998102466793168e-05,5.278421052631579e-05,6.008982035928144e-05,0.0002442439024390244
LoopBaseN,z196_b3,8,8.755030621172354e-06,1.104083885209713e-05,2.5346835443037976e-05,4.078455284552846e-05
LoopBaseN,z196_b3,11,7.467164179104477e-06,9.807843137254903e-06,2.228285077951002e-05,3.2725490196078433e-05
LoopBaseN,z196_b3,16,6.660452729693742e-06,8.467005076142132e-06,2.0302231237322516e-05,2.8448863636363636e-05
LoopBaseN,z196_b3,32,6.009009009009009e-06,6.94861111111111e-06,1.7503496503496504e-05,2.249438202247191e-05
LoopBaseN,z196_b3,36,5.836056009334889e-06,6.866849691146191e-06,1.6650582362728785e-05,1.9902584493041752e-05
LoopBaseN,z196_b3,58,5.298728813559322e-06,6.072859744990893e-06,1.620388349514563e-05,1.8174228675136118e-05
LoopBaseN,z196_b3,62,5.348128342245989e-06,5.813480534572922e-06,1.590779014308426e-05,1.8669776119402985e-05
LoopBaseN,z196_b3,64,5.387722132471728e-06,5.815697674418604e-06,1.560374414976599e-05,1.9457198443579765e-05
LoopBaseN,z196_b3,67,5.389008620689656e-06,5.899174528301887e-06,1.512235649546828e-05,1.8152450090744103e-05
LoopBaseN,z0_b16,2,0.00020689795918367345,0.0011177777777777776,0.00030778787878787874,0.0017376666666666667
LoopBaseN,z0_b16,8,7.542857142857142e-05,0.00014959701492537315,0.00011746511627906976,0.00023404651162790697
LoopBaseN,z0_b16,11,6.585526315789474e-05,0.00011923529411764706,9.764077669902913e-05,0.00017919642857142857
LoopBaseN,z0_b16,16,5.7798850574712644e-05,9.199082568807339e-05,8.669827586206896e-05,0.00014204225352112677
LoopBaseN,z0_b16,32,4.9820895522388064e-05,6.664238410596027e-05,6.997902097902099e-05,9.844117647058823e-05
LoopBaseN,z0_b16,36,4.51036036036036e-05,6.126829268292683e-05,6.834693877551021e-05,9.348598130841122e-05
LoopBaseN,z0_b16,58,4.197907949790795e-05,5.1507692307692314e-05,6.311320754716982e-05,7.545112781954887e-05
LoopBaseN,z0_b16,62,4.0092e-05,5.039195979899498e-05,6.113414634146342e-05,7.557142857142856e-05
LoopBaseN,z0_b16,64,4.0599190283400814e-05,4.740758293838862e-05,6.098780487804878e-05,7.631818181818182e-05
LoopBaseN,z0_b16,67,4.065587044534413e-05,4.979601990049751e-05,5.907647058823529e-05,6.965972222222222e-05
LoopBaseN,z1_b16,2,0.0002190217391304348,0.0011664444444444446,0.00031975,0.001829
LoopBaseN,z1_b16,8,7.85078125e-05,0.0001558923076923077,0.0001171046511627907,0.0002470731707317073
LoopBaseN,z1_b16,11,6.853424657534247e-05,0.00011843529411764705,0.00010196969696969696,0.00018835185185185185
LoopBaseN,z1_b16,16,5.9349112426035506e-05,9.805825242718446e-05,8.783333333333333e-05,0.00013931944444444444
LoopBaseN,z1_b16,32,4.744075829383886e-05,6.931724137931034e-05,7.228057553956835e-05,9.879411764705882e-05
LoopBaseN,z1_b16,36,4.6915887850467293e-05,6.068484848484848e-05,6.925517241379311e-05,9.331481481481482e-05
LoopBaseN,z1_b16,58,4.216386554621849e-05,5.1875647668393784e-05,6.473548387096774e-05,8.385833333333334e-05
LoopBaseN,z1_b16,62,4.14297520661157e-05,4.991044776119402e-05,6.142331288343559e-05,7.378676470588236e-05
LoopBaseN,z1_b16,64,4.066666666666667e-05,5.1102040816326535e-05,6.254658385093168e-05,7.60909090909091e-05
LoopBaseN,z1_b16,67,4.147520661157025e-05,5.053030303030303e-05,6.470322580645161e-05,7.340875912408759e-05
LoopBaseN,z218_b16,2,0.00021108333333333333,0.0011353333333333332,0.0003149375,0.0018323333333333334
LoopBaseN,z218_b16,8,7.762015503875968e-05,0.000158,0.00011740697674418604,0.00023681395348837208
LoopBaseN,z218_b16,11,7.186428571428571e-05,0.00012132530120481929,0.00010254081632653061,0.0001800357142857143
LoopBaseN,z218_b16,16,6.095757575757575e-05,9.207339449541284e-05,8.955357142857144e-05,0.00014345714285714286
LoopBaseN,z218_b16,32,4.8834146341463416e-05,6.740268456375838e-05,7.965873015873016e-05,9.95940594059406e-05
LoopBaseN,z218_b16,36,4.8216346153846154e-05,6.182716049382716e-05,7.062676056338029e-05,9.488679245283018e-05
LoopBaseN,z218_b16,58,4.131687242798354e-05,5.189637305699482e-05,6.22360248447205e-05,8.245081967213115e-05
LoopBaseN,z218_b16,62,4.296137339055794e-05,5.204663212435233e-05,6.403821656050956e-05,7.877952755905512e-05
LoopBaseN,z218_b16,64,4.285042735042735e-05,5.2799999999999996e-05,6.34367088607595e-05,7.81875e-05
LoopBaseN,z218_b16,67,4.158091286307054e-05,4.9815920398009947e-05,6.341772151898734e-05,7.912598425196851e-05
LoopBaseN,z100_b16,2,0.0002177608695652174,0.0011566666666666667,0.0003278709677419355,0.0019418333333333334
LoopBaseN,z100_b16,8,7.85703125e-05,0.00015413846153846154,0.0001195595238095238,0.0002373953488372093
LoopBaseN,z100_b16,11,7.009090909090909e-05,0.00012762025316455697,0.00010315463917525772,0.0001882962962962963
LoopBaseN,z100_b16,16,5.851461988304093e-05,9.262962962962964e-05,8.732173913043478e-05,0.00014730882352941176
LoopBaseN,z100_b16,32,4.924509803921568e-05,6.657615894039735e-05,7.490298507462687e-05,0.00010370103092783506
LoopBaseN,z100_b16,36,4.710798122065727e-05,6.474193548387097e-05,6.955555555555556e-05,9.311111111111111e-05
LoopBaseN,z100_b16,58,4.1363636363636364e-05,5.09746192893401e-05,6.283125e-05,7.950793650793652e-05
LoopBaseN,z100_b16,62,4.2440677966101696e-05,5.2652631578947375e-05,6.439743589743589e-05,7.787596899224806e-05
LoopBaseN,z100_b16,64,4.108196721311476e-05,5.109183673469388e-05,6.126219512195123e-05,7.388970588235295e-05
LoopBaseN,z100_b16,67,4.134710743801653e-05,4.983582089552239e-05,6.162576687116564e-05,7.684732824427481e-05
LoopBaseN,z196_b16,2,0.0002275681818181818,0.0011954444444444443,0.00032128125,0.0018081666666666665
LoopBaseN,z196_b16,8,7.83671875e-05,0.000158015625,0.00011788235294117647,0.00024395121951219513
LoopBaseN,z196_b16,11,6.945138888888889e-05,0.00012085542168674698,0.00010794623655913978,0.00018937735849056605
LoopBaseN,z196_b16,16,5.9886227544910176e-05,9.645192307692307e-05,8.936607142857143e-05,0.00014171830985915492
LoopBaseN,z196_b16,32,4.908333333333333e-05,6.634437086092716e-05,7.394117647058824e-05,0.00010110101010101011
LoopBaseN,z196_b16,36,5.1564102564102566e-05,6.29685534591195e-05,7.342335766423358e-05,9.306481481481481e-05
LoopBaseN,z196_b16,58,4.21890756302521e-05,5.0606060606060606e-05,6.378343949044586e-05,7.890551181102362e-05
LoopBaseN,z196_b16,62,4.1279835390946505e-05,5.2575916230366497e-05,6.541176470588234e-05,7.901574803149607e-05
LoopBaseN,z196_b16,64,4.2088235294117646e-05,5.079695431472081e-05,6.165030674846626e-05,7.471641791044776e-05
LoopBaseN,z196_b16,67,4.1024590163934424e-05,5.053030303030303e-05,6.21304347826087e-05,7.625e-05
LoopBaseN,z0_b77,2,0.003809,0.027981,0.004170333333333333,0.030752
LoopBaseN,z0_b77,8,0.001321625,0.0030765,0.0015187142857142858,0.0034249999999999997
LoopBaseN,z0_b77,11,0.0011522222222222222,0.0023184,0.00126725,0.002578
LoopBaseN,z0_b77,16,0.0009956363636363637,0.0018486666666666666,0.0011305555555555557,0.002
LoopBaseN,z0_b77,32,0.00085375,0.001267125,0.0009009166666666666,0.001289875
LoopBaseN,z0_b77,36,0.0007786153846153847,0.0011037,0.0008645833333333334,0.001213888888888889
LoopBaseN,z0_b77,58,0.0006927333333333333,0.00088825,0.0007809230769230768,0.0009755454545454545
LoopBaseN,z0_b77,62,0.0006913333333333334,0.0008435000000000001,0.0007499285714285714,0.000952090909090909
LoopBaseN,z0_b77,64,0.0006799333333333333,0.0008635833333333334,0.0007528571428571429,0.0009567272727272727
LoopBaseN,z0_b77,67,0.0006886666666666667,0.0008263076923076923,0.0007390714285714286,0.0009149999999999999
LoopBaseN,z1_b77,2,0.0038209999999999997,0.02795,0.004148,0.031524
LoopBaseN,z1_b77,8,0.0013335,0.00308375,0.0014874285714285714,0.0034923333333333334
LoopBaseN,z1_b77,11,0.001187888888888889,0.0023948,0.001309,0.00275325
LoopBaseN,z1_b77,16,0.0010057999999999998,0.0018035000000000002,0.0011125555555555554,0.0019686666666666667
LoopBaseN,z1_b77,32,0.0008185384615384615,0.0011977777777777776,0.0009121818181818182,0.00133425
LoopBaseN,z1_b77,36,0.0007961538461538462,0.00125675,0.0008735833333333333,0.0012241111111111111
LoopBaseN,z1_b77,58,0.0007033333333333334,0.00089275,0.0007751538461538461,0.000994090909090909
LoopBaseN,z1_b77,62,0.0006770666666666667,0.0008680833333333332,0.0007905384615384616,0.0009812727272727273
LoopBaseN,z1_b77,64,0.0006898000000000001,0.0008748333333333334,0.0007573571428571428,0.0009487272727272729
LoopBaseN,z1_b77,67,0.0006999333333333333,0.0008410833333333333,0.0007549999999999999,0.0009148181818181819
LoopBaseN,z218_b77,2,0.0038843333333333334,0.028514,0.004423333333333334,0.031057
LoopBaseN,z218_b77,8,0.001367625,0.00315575,0.0015395714285714286,0.003498
LoopBaseN,z218_b77,11,0.0011641111111111112,0.0023141999999999998,0.0012835,0.00263775
LoopBaseN,z218_b77,16,0.001018,0.0018116666666666665,0.0011318888888888889,0.002007
LoopBaseN,z218_b77,32,0.0008499166666666667,0.0012136666666666667,0.0009009166666666666,0.001301125
LoopBaseN,z218_b77,36,0.0007806923076923077,0.0011354444444444446,0.0008833333333333333,0.001267375
LoopBaseN,z218_b77,58,0.0007318571428571428,0.0009397272727272727,0.0008146153846153847,0.001018
LoopBaseN,z218_b77,62,0.0007209285714285714,0.0009058333333333333,0.0007907692307692307,0.0009957272727272727
LoopBaseN,z218_b77,64,0.0007136,0.0008808333333333333,0.0007769230769230769,0.0009684545454545453
LoopBaseN,z218_b77,67,0.0007165,0.0008706666666666667,0.0007442142857142857,0.0009360909090909091
LoopBaseN,z100_b77,2,0.0037756666666666668,0.027948,0.0041463333333333335,0.031214
LoopBaseN,z100_b77,8,0.00134,0.003036,0.0014735714285714285,0.003472666666666667
LoopBaseN,z100_b77,11,0.00117,0.002361,0.001301,0.002629
LoopBaseN,z100_b77,16,0.0010649000000000001,0.0017850000000000001,0.0011044,0.0019576666666666666
LoopBaseN,z100_b77,32,0.0008167692307692308,0.0011673333333333334,0.00089125,0.001313625
LoopBaseN,z100_b77,36,0.00078,0.0011382222222222221,0.0008785833333333333,0.0012263333333333334
LoopBaseN,z100_b77,58,0.0006928,0.0008694166666666667,0.0007628571428571429,0.0010248
LoopBaseN,z100_b77,62,0.0007015333333333333,0.0008638333333333333,0.0007535714285714286,0.0010089
LoopBaseN,z100_b77,64,0.0006866666666666667,0.0008600833333333334,0.0007625714285714285,0.0009413636363636363
LoopBaseN,z100_b77,67,0.0006712666666666666,0.0008356666666666667,0.0007357142857142857,0.0009578181818181819
LoopBaseN,z196_b77,2,0.003801333333333333,0.02825,0.004242,0.031519
LoopBaseN,z196_b77,8,0.00135775,0.0030685,0.0014861428571428573,0.0035216666666666664
LoopBaseN,z196_b77,11,0.0011857777777777778,0.002334,0.001292875,0.00259075
LoopBaseN,z196_b77,16,0.0010105,0.0017696666666666668,0.0011176666666666668,0.0019981666666666668
LoopBaseN,z196_b77,32,0.0008273076923076924,0.00125375,0.00089725,0.00133725
LoopBaseN,z196_b77,36,0.0007910769230769231,0.0011165555555555555,0.0008644999999999999,0.0012383333333333335
LoopBaseN,z196_b77,58,0.0007085333333333334,0.0009069999999999999,0.0008029230769230768,0.0009942727272727273
LoopBaseN,z196_b77,62,0.0006841999999999999,0.0008622500000000001,0.0007600714285714285,0.0009504545454545456
LoopBaseN,z196_b77,64,0.0007048666666666667,0.00087675,0.0007467142857142857,0.0009319090909090909
LoopBaseN,z196_b77,67,0.0006898666666666667,0.00083825,0.0007523571428571429,0.0009418181818181818
LoopBaseN,z0_b513,2,0.167684,1.246612,0.172482,1.269892
LoopBaseN,z0_b513,8,0.058837,0.142997,0.059877,0.143771
LoopBaseN,z0_b513,11,0.053084,0.113156,0.053283,0.114285
LoopBaseN,z0_b513,16,0.043898,0.081684,0.044577,0.085214
LoopBaseN,z0_b513,32,0.035868,0.05385,0.035404,0.055301
LoopBaseN,z0_b513,36,0.034513,0.050664,0.034219,0.052394
LoopBaseN,z0_b513,58,0.030249,0.039203,0.030436,0.04044
LoopBaseN,z0_b513,62,0.029608,0.038123,0.030687,0.038364
LoopBaseN,z0_b513,64,0.029019,0.03871,0.029192,0.037905
LoopBaseN,z0_b513,67,0.029077,0.036852,0.029853,0.038428
LoopBaseN,z1_b513,2,0.171519,1.239039,0.171078,1.275274
LoopBaseN,z1_b513,8,0.059357,0.144608,0.059716,0.147298
LoopBaseN,z1_b513,11,0.050838,0.109015,0.050672,0.110118
LoopBaseN,z1_b513,16,0.043747,0.081826,0.045094,0.08316
LoopBaseN,z1_b513,32,0.034883,0.053502,0.035322,0.053676
LoopBaseN,z1_b513,36,0.034215,0.049323,0.034302,0.050614
LoopBaseN,z1_b513,58,0.030019,0.039247,0.029862,0.039413
LoopBaseN,z1_b513,62,0.030025,0.037829,0.029468,0.040607
LoopBaseN,z1_b513,64,0.029172,0.03736,0.029493,0.038398
LoopBaseN,z1_b513,67,0.029732,0.037991,0.029033,0.037657
LoopBaseN,z218_b513,2,0.168682,1.24163,0.170214,1.259058
LoopBaseN,z218_b513,8,0.059934,0.143262,0.059207,0.14584
LoopBaseN,z218_b513,11,0.050347,0.106683,0.051775,0.111513
LoopBaseN,z218_b513,16,0.043699,0.081474,0.043926,0.083403
LoopBaseN,z218_b513,32,0.035391,0.053512,0.035867,0.054871
LoopBaseN,z218_b513,36,0.033959,0.049979,0.034224,0.050744
LoopBaseN,z218_b513,58,0.029807,0.039042,0.030183,0.040063
LoopBaseN,z218_b513,62,0.029519,0.039537,0.030121,0.038646
LoopBaseN,z218_b513,64,0.029279,0.037788,0.029298,0.038075
LoopBaseN,z218_b513,67,0.029085,0.036338,0.02913,0.037621
LoopBaseN,z100_b513,2,0.167232,1.239997,0.169605,1.272021
LoopBaseN,z100_b513,8,0.058884,0.144375,0.060476,0.147927
LoopBaseN,z100_b513,11,0.052684,0.110997,0.053077,0.113413
LoopBaseN,z100_b513,16,0.045264,0.083663,0.045611,0.085709
LoopBaseN,z100_b513,32,0.036129,0.054904,0.035157,0.054294
LoopBaseN,z100_b513,36,0.034025,0.049541,0.034728,0.050182
LoopBaseN,z100_b513,58,0.03037,0.039689,0.030069,0.040181
LoopBaseN,z100_b513,62,0.029517,0.037625,0.030279,0.039269
LoopBaseN,z100_b513,64,0.029332,0.037414,0.029374,0.037878
LoopBaseN,z100_b513,67,0.029002,0.036628,0.029097,0.03749
LoopBaseN,z196_b513,2,0.168427,1.241792,0.171072,1.270691
LoopBaseN,z196_b513,8,0.058837,0.143361,0.059138,0.145614
LoopBaseN,z196_b513,11,0.050682,0.110142,0.05126,0.110353
LoopBaseN,z196_b513,16,0.044368,0.081733,0.04459,0.083159
LoopBaseN,z196_b513,32,0.035168,0.052815,0.035838,0.053935
LoopBaseN,z196_b513,36,0.034662,0.049831,0.034256,0.05198
LoopBaseN,z196_b513,58,0.029761,0.04038,0.030184,0.03973
LoopBaseN,z196_b513,62,0.030114,0.038157,0.029561,0.038817
LoopBaseN,z196_b513,64,0.029408,0.037549,0.030155,0.038365
LoopBaseN,z196_b513,67,0.028617,0.036846,0.033132,0.038069
LoopBaseN,z0_b732,2,0.344914,2.472623,0.338705,2.531423
LoopBaseN,z0_b732,8,0.120823,0.29416,0.119382,0.297113
LoopBaseN,z0_b732,11,0.104086,0.220506,0.103831,0.223812
LoopBaseN,z0_b732,16,0.089243,0.167408,0.091354,0.173434
LoopBaseN,z0_b732,32,0.074499,0.111674,0.074544,0.114096
LoopBaseN,z0_b732,36,0.072874,0.105469,0.071378,0.10342
LoopBaseN,z0_b732,58,0.061839,0.081996,0.062173,0.081994
LoopBaseN,z0_b732,62,0.061743,0.079455,0.061071,0.079717
LoopBaseN,z0_b732,64,0.060075,0.081885,0.06113,0.078595
LoopBaseN,z0_b732,67,0.061312,0.079228,0.060664,0.078106
LoopBaseN,z1_b732,2,0.354212,2.606415,0.351164,2.665592
LoopBaseN,z1_b732,8,0.12126,0.29364,0.124479,0.295481
LoopBaseN,z1_b732,11,0.103784,0.222746,0.105974,0.227667
LoopBaseN,z1_b732,16,0.089537,0.16863,0.091194,0.170873
LoopBaseN,z1_b732,32,0.072619,0.109901,0.073133,0.111199
LoopBaseN,z1_b732,36,0.071185,0.102395,0.070443,0.105737
LoopBaseN,z1_b732,58,0.064752,0.081977,0.061197,0.082192
LoopBaseN,z1_b732,62,0.062155,0.081237,0.062252,0.079977
LoopBaseN,z1_b732,64,0.062179,0.077521,0.060926,0.079723
LoopBaseN,z1_b732,67,0.059673,0.076644,0.059531,0.076513
LoopBaseN,z218_b732,2,0.342588,2.544236,0.34607,2.559501
LoopBaseN,z218_b732,8,0.120541,0.290607,0.119103,0.297957
LoopBaseN,z218_b732,11,0.116177,0.226175,0.1053,0.239098
LoopBaseN,z218_b732,16,0.096467,0.174489,0.092323,0.170075
LoopBaseN,z218_b732,32,0.072909,0.108471,0.072919,0.113426
LoopBaseN,z218_b732,36,0.070961,0.10295,0.07018,0.103404
LoopBaseN,z218_b732,58,0.061683,0.082246,0.061713,0.082537
LoopBaseN,z218_b732,62,0.06109,0.078902,0.061862,0.078851
LoopBaseN,z218_b732,64,0.060824,0.076427,0.060729,0.077644
LoopBaseN,z218_b732,67,0.059491,0.074386,0.059753,0.075962
LoopBaseN,z100_b732,2,0.351734,2.584964,0.349138,2.663504
LoopBaseN,z100_b732,8,0.125293,0.310026,0.123469,0.296905
LoopBaseN,z100_b732,11,0.110597,0.237338,0.111009,0.233043
LoopBaseN,z100_b732,16,0.093925,0.166378,0.089684,0.168262
LoopBaseN,z100_b732,32,0.073234,0.10782,0.071644,0.109
LoopBaseN,z100_b732,36,0.069777,0.102109,0.071264,0.102874
LoopBaseN,z100_b732,58,0.061415,0.080166,0.062922,0.080834
LoopBaseN,z100_b732,62,0.060214,0.077539,0.06011,0.078486
LoopBaseN,z100_b732,64,0.061321,0.076308,0.062015,0.079813
LoopBaseN,z100_b732,67,0.06081,0.077146,0.062039,0.07579
LoopBaseN,z196_b732,2,0.349553,2.674625,0.358405,2.645131
LoopBaseN,z196_b732,8,0.125197,0.294948,0.119402,0.299556
LoopBaseN,z196_b732,11,0.106568,0.220808,0.103993,0.222381
LoopBaseN,z196_b732,16,0.089337,0.165895,0.089511,0.168823
LoopBaseN,z196_b732,32,0.071483,0.108846,0.07152,0.10931
LoopBaseN,z196_b732,36,0.069554,0.101733,0.07091,0.102758
LoopBaseN,z196_b732,58,0.061026,0.079797,0.061451,0.080298
LoopBaseN,z196_b732,62,0.060981,0.078211,0.060597,0.07827
LoopBaseN,z196_b732,64,0.060085,0.076132,0.059911,0.077244
LoopBaseN,z196_b732,67,0.058771,0.074729,0.060424,0.075863
