algo,sample,alphabet_size,encode_time,decode_time,encoded_with_check_time,decoded_with_check_time
BigIntBaseN,z0_b1,2,3.3954514596062458e-06,2.3874433038911433e-06,1.2603274559193954e-05,8.791739894551845e-06
BigIntBaseN,z0_b1,8,2.3350455288349285e-06,1.9582925396514586e-06,6.7542201215395e-06,5.884705882352941e-06
BigIntBaseN,z0_b1,11,2.4404587603709124e-06,1.9387478193448344e-06,6.3449587824984145e-06,5.619101123595506e-06
BigIntBaseN,z0_b1,16,2.165403767049145e-06,1.8516941307165338e-06,6.024081878386514e-06,5.455834242093783e-06
BigIntBaseN,z0_b1,32,2.1569980590899288e-06,1.8482720384402142e-06,5.978481769276748e-06,5.195844155844156e-06
BigIntBaseN,z0_b1,36,2.187445319335083e-06,1.8662063817876468e-06,5.72254004576659e-06,5.2514435695538064e-06
BigIntBaseN,z0_b1,58,2.18098560837331e-06,1.8710944808231992e-06,5.510192837465564e-06,5.149845520082389e-06
BigIntBaseN,z0_b1,62,2.2786511733880153e-06,1.8681359731042212e-06,5.771494518176573e-06,5.151390319258497e-06
BigIntBaseN,z0_b1,64,2.2308721838054874e-06,1.8813017306245297e-06,5.449891067538126e-06,5.09058524173028e-06
BigIntBaseN,z0_b1,67,2.18051013734467e-06,1.8735481453727987e-06,5.471553610503283e-06,5.28194297782471e-06
BigIntBaseN,z1_b1,2,2.836925694838344e-06,2.1924083769633508e-06,1.1321266968325792e-05,8.292703150912105e-06
BigIntBaseN,z1_b1,8,2.202378330764149e-06,1.9210526315789474e-06,6.559344262295082e-06,5.6953302961275624e-06
BigIntBaseN,z1_b1,11,2.2175166297117516e-06,1.9745310957551825e-06,6.394501278772378e-06,5.72041166380789e-06
BigIntBaseN,z1_b1,16,2.2383616830796775e-06,1.8823640127987953e-06,6.072252580449302e-06,5.502200220022002e-06
BigIntBaseN,z1_b1,32,2.014095851792187e-06,1.779220779220779e-06,5.675936435868331e-06,5.417433676231727e-06
BigIntBaseN,z1_b1,36,2.055487053020962e-06,1.8353826390163332e-06,5.768166089965398e-06,5.255386232264845e-06
BigIntBaseN,z1_b1,58,1.9757013038324773e-06,1.77606109039247e-06,5.533185840707965e-06,5.228959749085206e-06
BigIntBaseN,z1_b1,62,1.9868891537544695e-06,1.7721474131821403e-06,5.721395881006865e-06,5.1845515811301186e-06
BigIntBaseN,z1_b1,64,2.026337115072934e-06,1.8333638863428046e-06,5.562847608453838e-06,5.181865284974093e-06
BigIntBaseN,z1_b1,67,2.015111827523675e-06,1.806865401987353e-06,5.22675026123302e-06,5.118730808597748e-06
BigIntBaseN,z218_b1,2,4.753326996197719e-06,3.2358460045292787e-06,1.3411528150134049e-05,1.0318556701030928e-05
BigIntBaseN,z218_b1,8,3.1509136735979834e-06,2.925124305352442e-06,8.078352180936994e-06,7.044366197183099e-06
BigIntBaseN,z218_b1,11,3.145283018867925e-06,2.7959183673469388e-06,8.351419031719532e-06,7.015427769985975e-06
BigIntBaseN,z218_b1,16,3.0045058576148995e-06,2.7397973158038894e-06,7.3396918561995604e-06,6.732166890982504e-06
BigIntBaseN,z218_b1,32,2.959171597633136e-06,2.71157495256167e-06,6.909530386740332e-06,6.462532299741603e-06
BigIntBaseN,z218_b1,36,2.947259870359458e-06,2.8827089337175793e-06,6.965877437325905e-06,6.452258064516129e-06
BigIntBaseN,z218_b1,58,2.927693208430913e-06,2.7157208797176217e-06,6.7283120376597175e-06,6.3417882054533925e-06
BigIntBaseN,z218_b1,62,2.95712596096984e-06,2.6949609269738613e-06,6.737373737373737e-06,6.76605814739689e-06
BigIntBaseN,z218_b1,64,2.927985948477752e-06,2.737274220032841e-06,6.596572181938036e-06,6.342422320862397e-06
BigIntBaseN,z218_b1,67,2.8664373746059043e-06,2.6657782515991474e-06,6.7718348002708194e-06,6.286612193588938e-06
BigIntBaseN,z100_b1,2,3.7134372680029697e-06,2.991629297458894e-06,1.3121887287024902e-05,9.381443298969072e-06
BigIntBaseN,z100_b1,8,2.7135105805751495e-06,2.345369284876905e-06,7.4041450777202075e-06,6.540876389797253e-06
BigIntBaseN,z100_b1,11,2.71471226927253e-06,2.3884909264565423e-06,7.397189349112425e-06,6.4258188824662815e-06
BigIntBaseN,z100_b1,16,2.8509122006841505e-06,2.4318016046681257e-06,6.626490066225165e-06,6.129901960784314e-06
BigIntBaseN,z100_b1,32,2.606463382851186e-06,2.2982536764705884e-06,6.252500000000001e-06,5.719839908519154e-06
BigIntBaseN,z100_b1,36,2.6467319396665784e-06,2.3374620238373455e-06,6.413461538461539e-06,5.978481769276748e-06
BigIntBaseN,z100_b1,58,2.5633008713480267e-06,2.3268962308050254e-06,6.641434262948207e-06,5.6482213438735176e-06
BigIntBaseN,z100_b1,62,2.57186937516071e-06,2.2703132092600997e-06,6.148125384142593e-06,5.772071552221581e-06
BigIntBaseN,z100_b1,64,2.6423666138404653e-06,2.413027744270205e-06,6.050816696914701e-06,5.772071552221581e-06
BigIntBaseN,z100_b1,67,2.5829028925619833e-06,2.2856489945155392e-06,6.168927250308261e-06,5.7083333333333335e-06
BigIntBaseN,z196_b1,2,4.03591606133979e-06,3.2095635430038508e-06,1.375e-05,1.1634883720930232e-05
BigIntBaseN,z196_b1,8,3.1883965572202742e-06,2.8678325688073396e-06,8.102024291497975e-06,7.1801866475233315e-06
BigIntBaseN,z196_b1,11,3.0882988576721208e-06,2.694504310344828e-06,7.68663594470046e-06,6.906142167011732e-06
BigIntBaseN,z196_b1,16,2.8749640701350966e-06,2.8439010520329826e-06,7.214852198990628e-06,6.793618465716226e-06
BigIntBaseN,z196_b1,32,2.9317116060961312e-06,2.628909329829172e-06,6.898620689655172e-06,6.415651058370751e-06
BigIntBaseN,z196_b1,36,2.888247184522091e-06,2.626313025210084e-06,6.8581220013708015e-06,6.6795727636849125e-06
BigIntBaseN,z196_b1,58,2.935427061931318e-06,2.693053311793215e-06,6.708920187793427e-06,6.2930817610062885e-06
BigIntBaseN,z196_b1,62,2.8799308954794127e-06,2.644896879957694e-06,6.902691511387164e-06,6.483473752430331e-06
BigIntBaseN,z196_b1,64,2.8932600520682673e-06,2.679614251272435e-06,6.8898071625344355e-06,6.356416772554003e-06
BigIntBaseN,z196_b1,67,2.901102088167053e-06,2.671207264957265e-06,6.6540252827677974e-06,6.276662484316186e-06
BigIntBaseN,z0_b2,2,4.835186080231997e-06,3.3492967180174146e-06,1.3930362116991644e-05,9.91575817641229e-06
BigIntBaseN,z0_b2,8,3.0422749391727493e-06,2.439161180199951e-06,7.33724340175953e-06,6.249219237976265e-06
BigIntBaseN,z0_b2,11,2.7922948073701846e-06,2.3276704677682105e-06,6.893866299104066e-06,6.137423312883436e-06
BigIntBaseN,z0_b2,16,2.5554420030659175e-06,2.1637819125919515e-06,6.696787148594378e-06,5.796639629200463e-06
BigIntBaseN,z0_b2,32,2.638353996307043e-06,2.2043200352655937e-06,6.181087762669963e-06,5.634929577464789e-06
BigIntBaseN,z0_b2,36,2.3931562574778653e-06,2.1177217869997883e-06,6.054479418886199e-06,5.535141117874931e-06
BigIntBaseN,z0_b2,58,2.4315584731339652e-06,2.184319720462983e-06,5.96541443053071e-06,5.5129476584022035e-06
BigIntBaseN,z0_b2,62,2.4049050252464535e-06,2.110571850601393e-06,5.739529546758463e-06,5.364611260053619e-06
BigIntBaseN,z0_b2,64,2.4318016046681257e-06,2.122903842071747e-06,5.760944700460829e-06,5.567612687813022e-06
BigIntBaseN,z0_b2,67,2.4276699029126216e-06,2.112143611404435e-06,5.717142857142857e-06,5.411032990805841e-06
BigIntBaseN,z1_b2,2,4.824891461649783e-06,3.5122893258426965e-06,1.3952580195258021e-05,9.950298210735587e-06
BigIntBaseN,z1_b2,8,3.0324439053972105e-06,2.5995328315598236e-06,8.132520325203252e-06,6.305800756620428e-06
BigIntBaseN,z1_b2,11,2.871125143513203e-06,2.3581702428672482e-06,6.995804195804196e-06,6.186147186147186e-06
BigIntBaseN,z1_b2,16,2.675494917067951e-06,2.28125e-06,6.629555997349238e-06,5.902064896755162e-06
BigIntBaseN,z1_b2,32,2.9475390509873267e-06,2.2456219128872924e-06,6.2187694220012425e-06,5.625984251968504e-06
BigIntBaseN,z1_b2,36,2.659133209252858e-06,2.2683148106146517e-06,6.176543209876543e-06,5.632882882882883e-06
BigIntBaseN,z1_b2,58,2.4690199950629475e-06,2.1163774862462973e-06,6.382897255903e-06,5.459061135371178e-06
BigIntBaseN,z1_b2,62,2.5604198668714795e-06,2.1333191126279863e-06,5.79768115942029e-06,5.4571740316421166e-06
BigIntBaseN,z1_b2,64,2.519143576826196e-06,2.14819587628866e-06,5.930646117368109e-06,5.5148842337375965e-06
BigIntBaseN,z1_b2,67,2.551530612244898e-06,2.2175166297117516e-06,5.9606674612634094e-06,5.4147265836491605e-06
BigIntBaseN,z218_b2,2,5.425704989154013e-06,4.1437448218724106e-06,1.5002998500749625e-05,1.098133918770582e-05
BigIntBaseN,z218_b2,8,3.5805297065139587e-06,3.142004398366321e-06,8.543125533731853e-06,7.743034055727554e-06
BigIntBaseN,z218_b2,11,3.6526661796932067e-06,3.127579737335835e-06,8.210008203445447e-06,7.454545454545455e-06
BigIntBaseN,z218_b2,16,3.3836265223274697e-06,3.0364298724954463e-06,7.786770428015563e-06,7.162491052254831e-06
BigIntBaseN,z218_b2,32,3.2358460045292787e-06,3.077230769230769e-06,7.477578475336323e-06,6.826621160409556e-06
BigIntBaseN,z218_b2,36,3.20064e-06,2.9910287081339716e-06,7.235719450469993e-06,6.808713410483322e-06
BigIntBaseN,z218_b2,58,3.2030099263528658e-06,2.9408997353719496e-06,7.060691601976006e-06,6.956280360860513e-06
BigIntBaseN,z218_b2,62,3.3089646046973206e-06,2.9437904649793994e-06,7.097941802696948e-06,6.6981258366800535e-06
BigIntBaseN,z218_b2,64,3.223332259104093e-06,2.953927938570585e-06,7.006302521008404e-06,6.615079365079365e-06
BigIntBaseN,z218_b2,67,3.2327084680025858e-06,2.9653127779424845e-06,7.232104121475055e-06,6.8675360329444055e-06
BigIntBaseN,z100_b2,2,5.121863799283154e-06,3.7513128282070516e-06,1.4316165951359084e-05,1.0305870236869206e-05
BigIntBaseN,z100_b2,8,3.2016645326504483e-06,2.7058982683982684e-06,7.921615201900237e-06,6.771157752200406e-06
BigIntBaseN,z100_b2,11,3.332555814728424e-06,2.7594482758620687e-06,7.4071058475203555e-06,6.796195652173914e-06
BigIntBaseN,z100_b2,16,2.9949101796407187e-06,2.6067240031274436e-06,7.138472519628836e-06,6.501624431448993e-06
BigIntBaseN,z100_b2,32,2.8582452129179763e-06,2.565674704976911e-06,6.974233983286908e-06,6.380739795918368e-06
BigIntBaseN,z100_b2,36,2.837163120567376e-06,2.5659312467932272e-06,6.537908496732026e-06,6.016235718580878e-06
BigIntBaseN,z100_b2,58,2.8390576213454446e-06,2.509533366783743e-06,6.387611749680715e-06,5.966010733452594e-06
BigIntBaseN,z100_b2,62,2.8482346241457857e-06,2.6584263689526844e-06,6.361093452002542e-06,5.906729634002361e-06
BigIntBaseN,z100_b2,64,2.836358479863868e-06,2.519012843112566e-06,6.315025252525252e-06,5.8703051643192484e-06
BigIntBaseN,z100_b2,67,2.8667239896818574e-06,2.5299772324816593e-06,6.30371770636421e-06,6.362595419847329e-06
BigIntBaseN,z196_b2,2,5.471553610503283e-06,4.113075657894737e-06,1.5018018018018019e-05,1.1039735099337748e-05
BigIntBaseN,z196_b2,8,3.6553362573099413e-06,3.127579737335835e-06,8.39010067114094e-06,7.461595824011931e-06
BigIntBaseN,z196_b2,11,3.488315312173003e-06,3.1146060417315476e-06,8.308970099667774e-06,7.459358687546607e-06
BigIntBaseN,z196_b2,16,3.310493214167494e-06,2.9342915811088296e-06,7.591047040971168e-06,6.912232204561161e-06
BigIntBaseN,z196_b2,32,3.2901315789473687e-06,2.958000591540964e-06,7.201583873290137e-06,6.846680355920602e-06
BigIntBaseN,z196_b2,36,3.2675596210388765e-06,2.944362672946718e-06,7.234273318872017e-06,6.762677484787019e-06
BigIntBaseN,z196_b2,58,3.143306096794469e-06,2.873599540361965e-06,7.007703081232493e-06,6.632625994694961e-06
BigIntBaseN,z196_b2,62,3.139045825486503e-06,2.9339982399530656e-06,7.0929078014184395e-06,6.780338983050847e-06
BigIntBaseN,z196_b2,64,3.1548895899053625e-06,2.8533523537803138e-06,6.801495581237254e-06,6.530026109660575e-06
BigIntBaseN,z196_b2,67,3.1354231974921633e-06,2.884083044982699e-06,6.738047138047138e-06,6.641434262948207e-06
BigIntBaseN,z0_b0,2,1.7823917305293174e-06,1.6418253447143797e-06,9.8503937007874e-06,7.3097151205259315e-06
BigIntBaseN,z0_b0,8,1.779854066559886e-06,1.5399538106235567e-06,5.9737313432835815e-06,5.173216132368149e-06
BigIntBaseN,z0_b0,11,1.8878822197055494e-06,1.5424120913016655e-06,5.690557451649602e-06,5.380311995696611e-06
BigIntBaseN,z0_b0,16,1.8438421828908554e-06,1.5645236977944628e-06,5.390086206896552e-06,4.9048553212359e-06
BigIntBaseN,z0_b0,32,1.7932580240272548e-06,1.5266371546328804e-06,5.275316455696203e-06,4.949035131123207e-06
BigIntBaseN,z0_b0,36,1.789727988546886e-06,1.5941982786101371e-06,5.068930562595033e-06,4.773747016706443e-06
BigIntBaseN,z0_b0,58,1.7801708793164827e-06,1.5428879975316259e-06,5.055078322385043e-06,4.818882466281311e-06
BigIntBaseN,z0_b0,62,1.768210749646393e-06,1.557545553652079e-06,5.119242579324462e-06,4.716171617161716e-06
BigIntBaseN,z0_b0,64,1.8404490246595508e-06,1.5808440018966335e-06,5.046922300706357e-06,4.647304832713754e-06
BigIntBaseN,z0_b0,67,1.7852552659764368e-06,1.534366370052163e-06,5.148224395265054e-06,4.858183584264206e-06
BigIntBaseN,z1_b0,2,1.779854066559886e-06,1.525858123569794e-06,9.908910891089108e-06,7.351947097722262e-06
BigIntBaseN,z1_b0,8,1.7942231790455687e-06,1.5148439866707059e-06,5.922439313203079e-06,5.312267657992565e-06
BigIntBaseN,z1_b0,11,1.7719702338766832e-06,1.5414611590628852e-06,5.77540415704388e-06,5.214285714285714e-06
BigIntBaseN,z1_b0,16,1.8491403216860787e-06,1.55150480918399e-06,5.461244541484716e-06,5.057633973710819e-06
BigIntBaseN,z1_b0,32,1.8168937329700273e-06,1.5303749043611323e-06,5.230005227391532e-06,4.87049659201558e-06
BigIntBaseN,z1_b0,36,1.8011885467314966e-06,1.5421742482652274e-06,5.1845515811301186e-06,5.017051153460382e-06
BigIntBaseN,z1_b0,58,1.8491403216860787e-06,1.5440790489424116e-06,5.096790626591951e-06,4.828667953667953e-06
BigIntBaseN,z1_b0,62,1.7729126041482007e-06,1.5507830671421924e-06,4.976119402985075e-06,4.654257794322941e-06
BigIntBaseN,z1_b0,64,1.8255156050374157e-06,1.5776936425303675e-06,5.133401744484351e-06,4.647304832713754e-06
BigIntBaseN,z1_b0,67,1.7937589670014349e-06,1.5382959089510921e-06,5.003001500750375e-06,4.843099273607748e-06
BigIntBaseN,z218_b0,2,2.511803114013059e-06,2.33933582787652e-06,1.1376136363636365e-05,9.10282074613285e-06
BigIntBaseN,z218_b0,8,2.588920528086979e-06,2.3284450651769087e-06,7.247826086956522e-06,6.524461839530333e-06
BigIntBaseN,z218_b0,11,2.496505242136795e-06,2.3584060363121905e-06,7.164756446991404e-06,6.500324886289799e-06
BigIntBaseN,z218_b0,16,2.5155935613682094e-06,2.321959145775302e-06,7.237337192474675e-06,6.135582822085889e-06
BigIntBaseN,z218_b0,32,2.540259080518161e-06,2.3595187544232133e-06,6.531331592689295e-06,6.237531172069825e-06
BigIntBaseN,z218_b0,36,2.582235992770462e-06,2.325273192280865e-06,6.613350958360872e-06,6.221393034825871e-06
BigIntBaseN,z218_b0,58,2.6351422550052686e-06,2.3314685314685315e-06,6.585253456221198e-06,6.107448107448108e-06
BigIntBaseN,z218_b0,62,2.5551865099642307e-06,2.3707039582839536e-06,6.4948051948051955e-06,6.00239952009598e-06
BigIntBaseN,z218_b0,64,2.5200302343159486e-06,2.31023331023331e-06,6.848049281314169e-06,6.013221153846153e-06
BigIntBaseN,z218_b0,67,2.614479874542603e-06,2.3471016193381834e-06,6.519556714471968e-06,6.170882171499075e-06
BigIntBaseN,z100_b0,2,2.193902171528844e-06,1.9111408369959868e-06,1.062420382165605e-05,8.164897959183674e-06
BigIntBaseN,z100_b0,8,2.1516781411359724e-06,1.9930251096054203e-06,6.790224032586558e-06,5.756041426927503e-06
BigIntBaseN,z100_b0,11,2.211364138845899e-06,1.926232665639445e-06,6.26299311208516e-06,5.710616438356164e-06
BigIntBaseN,z100_b0,16,2.1790849673202617e-06,1.9310677737014868e-06,6.063030303030303e-06,5.86115992970123e-06
BigIntBaseN,z100_b0,32,2.232589285714286e-06,1.8968329224350465e-06,5.927725118483412e-06,5.6856168277430355e-06
BigIntBaseN,z100_b0,36,2.1869669801005903e-06,1.90313986679353e-06,5.76599423631124e-06,5.520971302428256e-06
BigIntBaseN,z100_b0,58,2.1752936059156157e-06,2.0024024024024026e-06,6.0550847457627115e-06,5.364075067024129e-06
BigIntBaseN,z100_b0,62,2.1790849673202617e-06,1.9277178103315344e-06,5.655737704918032e-06,5.283148441627047e-06
BigIntBaseN,z100_b0,64,2.175766804437677e-06,1.898803873172584e-06,5.623946037099494e-06,5.2880549682875265e-06
BigIntBaseN,z100_b0,67,2.2708900999091733e-06,1.9351780185758513e-06,5.854885898186074e-06,5.475095785440613e-06
BigIntBaseN,z196_b0,2,2.465368498890806e-06,2.2598282873926796e-06,1.1175418994413408e-05,8.56763698630137e-06
BigIntBaseN,z196_b0,8,2.4374847672434803e-06,2.2616463138851196e-06,7.52406015037594e-06,6.583552631578948e-06
BigIntBaseN,z196_b0,11,2.4656149864431847e-06,2.2713442325158944e-06,6.8641043239533286e-06,6.443013522215067e-06
BigIntBaseN,z196_b0,16,2.429681807141122e-06,2.232589285714286e-06,6.674449633088726e-06,6.291194968553459e-06
BigIntBaseN,z196_b0,32,2.5759135357694285e-06,2.279699590350478e-06,6.564304461942258e-06,6.271473354231975e-06
BigIntBaseN,z196_b0,36,2.4890492782478842e-06,2.2229384307623917e-06,6.319646241313961e-06,6.085766423357664e-06
BigIntBaseN,z196_b0,58,2.4633004926108373e-06,2.223654957759004e-06,6.2930817610062885e-06,6.470245795601552e-06
BigIntBaseN,z196_b0,62,2.43867349426969e-06,2.273988176443838e-06,6.119266055045871e-06,5.773225620311598e-06
BigIntBaseN,z196_b0,64,2.476355533547908e-06,2.234584450402145e-06,6.2473454091193005e-06,5.920118343195266e-06
BigIntBaseN,z196_b0,67,2.467554897606711e-06,2.3845053635280093e-06,6.412820512820513e-06,6.075941676792223e-06
BigIntBaseN,z0_b3,2,6.451321727917472e-06,4.464524765729585e-06,1.5863708399366084e-05,1.1018722466960352e-05
BigIntBaseN,z0_b3,8,3.366206664422753e-06,2.7505500550055004e-06,7.82329945269742e-06,6.797554347826086e-06
BigIntBaseN,z0_b3,11,3.2579804560260588e-06,2.6674666666666665e-06,7.250724637681159e-06,6.3536507936507936e-06
BigIntBaseN,z0_b3,16,2.9865631531800538e-06,2.5330463408457837e-06,6.893177119228119e-06,6.150676506765068e-06
BigIntBaseN,z0_b3,32,2.852295409181637e-06,2.4726823238566133e-06,6.745111260957518e-06,6.0234798314268515e-06
BigIntBaseN,z0_b3,36,2.852010265183918e-06,2.428016508861374e-06,6.4340836012861735e-06,5.901474926253687e-06
BigIntBaseN,z0_b3,58,2.7256130790190734e-06,2.3553933113518604e-06,6.3089533417402264e-06,5.841705607476636e-06
BigIntBaseN,z0_b3,62,2.8915871639202082e-06,2.3868735083532216e-06,6.251875e-06,5.883529411764706e-06
BigIntBaseN,z0_b3,64,2.6683564567769475e-06,2.3369158878504674e-06,6.106837606837606e-06,5.730240549828179e-06
BigIntBaseN,z0_b3,67,2.630457653866386e-06,2.319035474147925e-06,6.197026022304833e-06,6.124923453766075e-06
BigIntBaseN,z1_b3,2,6.420410783055199e-06,4.392010535557506e-06,1.592515923566879e-05,1.099010989010989e-05
BigIntBaseN,z1_b3,8,3.39741847826087e-06,2.8246258119175376e-06,8.016025641025642e-06,6.7569209993247805e-06
BigIntBaseN,z1_b3,11,3.273649754500818e-06,2.81615990990991e-06,7.61995430312262e-06,6.637027206370273e-06
BigIntBaseN,z1_b3,16,3.080073914382507e-06,2.6067240031274436e-06,7.0105115627189915e-06,6.242821473158552e-06
BigIntBaseN,z1_b3,32,2.946097201767305e-06,2.477334654446371e-06,6.710261569416499e-06,6.238927011852775e-06
BigIntBaseN,z1_b3,36,2.92029197080292e-06,2.493020937188435e-06,6.500974658869396e-06,5.867448680351907e-06
BigIntBaseN,z1_b3,58,2.7013232514177694e-06,2.3902963671128107e-06,6.323008849557522e-06,5.869131455399061e-06
BigIntBaseN,z1_b3,62,2.73625170998632e-06,2.429196016516881e-06,6.441081777205408e-06,5.886403766921718e-06
BigIntBaseN,z1_b3,64,2.745813889651386e-06,2.4029312830370013e-06,6.375398342893562e-06,5.858816637375512e-06
BigIntBaseN,z1_b3,67,2.7435545803620404e-06,2.374970315839468e-06,6.416933932007698e-06,5.989820359281437e-06
BigIntBaseN,z218_b3,2,7.4504839910647795e-06,5.29433562731604e-06,1.725e-05,1.2254589963280294e-05
BigIntBaseN,z218_b3,8,4.198069660092321e-06,3.5869487271423453e-06,9.223041474654379e-06,8.027287319422152e-06
BigIntBaseN,z218_b3,11,4.010024057738572e-06,3.5939633489040606e-06,9.278293135435992e-06,7.866352201257861e-06
BigIntBaseN,z218_b3,16,3.937795275590551e-06,3.413310580204778e-06,8.259289843104873e-06,7.446760982874162e-06
BigIntBaseN,z218_b3,32,3.659107534747623e-06,3.309728656518862e-06,7.799688230709276e-06,7.400887573964496e-06
BigIntBaseN,z218_b3,36,3.6725403817914835e-06,3.449810279406692e-06,7.862421383647799e-06,7.145e-06
BigIntBaseN,z218_b3,58,3.6775735294117645e-06,3.312686319973501e-06,7.50975975975976e-06,7.030217849613493e-06
BigIntBaseN,z218_b3,62,3.4737756165335183e-06,3.247077922077922e-06,7.4056254626202815e-06,7.2157287157287155e-06
BigIntBaseN,z218_b3,64,3.544649184975195e-06,3.2037155669442667e-06,7.523308270676691e-06,7.095035460992908e-06
BigIntBaseN,z218_b3,67,3.4810302819352593e-06,3.196548418024928e-06,7.458612975391499e-06,7.067090395480226e-06
BigIntBaseN,z100_b3,2,6.686497326203208e-06,4.941699604743083e-06,1.6752093802345057e-05,1.1421232876712329e-05
BigIntBaseN,z100_b3,8,3.7861468584405753e-06,3.1354231974921633e-06,8.46362098138748e-06,7.147142857142857e-06
BigIntBaseN,z100_b3,11,3.5982014388489206e-06,3.0854410857495373e-06,7.880314960629921e-06,6.977684797768479e-06
BigIntBaseN,z100_b3,16,3.7408376963350784e-06,2.9533510481251845e-06,7.571536714610144e-06,6.762677484787019e-06
BigIntBaseN,z100_b3,32,3.277195281782438e-06,2.88130221838087e-06,6.896623018607857e-06,6.528067885117493e-06
BigIntBaseN,z100_b3,36,3.2721622505724565e-06,2.841477272727273e-06,7.352681851579721e-06,6.507482108002603e-06
BigIntBaseN,z100_b3,58,3.1718997779892163e-06,2.768059784112925e-06,6.814713896457766e-06,6.376673040152964e-06
BigIntBaseN,z100_b3,62,3.097243728708578e-06,2.809269662921348e-06,6.860082304526749e-06,6.299748110831234e-06
BigIntBaseN,z100_b3,64,3.1661918328584995e-06,2.7566152149944873e-06,6.838004101161997e-06,6.25515947467167e-06
BigIntBaseN,z100_b3,67,3.1200873362445416e-06,2.7809285515707535e-06,6.860768175582991e-06,6.508783344176969e-06
BigIntBaseN,z196_b3,2,7.171326164874552e-06,5.106687085247576e-06,1.700679117147708e-05,1.2796675191815856e-05
BigIntBaseN,z196_b3,8,4.1937106918239e-06,3.529287226534933e-06,9.167736021998168e-06,7.98961661341853e-06
BigIntBaseN,z196_b3,11,3.939740055139819e-06,3.4256849315068494e-06,8.584048027444255e-06,7.654169854628922e-06
BigIntBaseN,z196_b3,16,3.6962305986696233e-06,3.413651877133106e-06,8.411269974768713e-06,7.344346549192364e-06
BigIntBaseN,z196_b3,32,3.587876614060258e-06,3.2037155669442667e-06,7.67101226993865e-06,7.178622668579627e-06
BigIntBaseN,z196_b3,36,3.5923132183908043e-06,3.2389896373056995e-06,7.389955686853766e-06,7.093617021276596e-06
BigIntBaseN,z196_b3,58,3.5522017045454544e-06,3.1042830540037246e-06,7.332844574780059e-06,6.927285318559557e-06
BigIntBaseN,z196_b3,62,3.3874026413816456e-06,3.1403453689167976e-06,7.267247639796659e-06,6.826057298772169e-06
BigIntBaseN,z196_b3,64,3.3756328045899427e-06,3.097553422112109e-06,7.533132530120483e-06,6.93619972260749e-06
BigIntBaseN,z196_b3,67,3.413169566700785e-06,3.140973312401884e-06,7.4246473645137334e-06,7.062103034580099e-06
BigIntBaseN,z0_b16,2,3.343333333333334e-05,1.9108778625954196e-05,4.547272727272728e-05,2.6371052631578947e-05
BigIntBaseN,z0_b16,8,1.2403965303593557e-05,8.918076580587712e-06,1.716466552315609e-05,1.3014304291287386e-05
BigIntBaseN,z0_b16,11,1.0836403033586132e-05,8.213464696223317e-06,1.5587227414330218e-05,1.21591737545565e-05
BigIntBaseN,z0_b16,16,9.725947521865889e-06,7.53539156626506e-06,1.4275320970042797e-05,1.2139563106796117e-05
BigIntBaseN,z0_b16,32,8.53839590443686e-06,6.928670360110803e-06,1.2411910669975187e-05,1.0583068783068783e-05
BigIntBaseN,z0_b16,36,8.15240423797881e-06,6.796195652173914e-06,1.2111380145278452e-05,1.0423958333333334e-05
BigIntBaseN,z0_b16,58,7.53654860587792e-06,6.900689655172414e-06,1.1201567749160134e-05,1.0061368209255533e-05
BigIntBaseN,z0_b16,62,7.5968109339407745e-06,6.53921568627451e-06,1.1265765765765766e-05,1.006841046277666e-05
BigIntBaseN,z0_b16,64,7.298322392414296e-06,6.347081218274112e-06,1.1192393736017896e-05,1.047434554973822e-05
BigIntBaseN,z0_b16,67,7.393939393939395e-06,6.516612377850163e-06,1.104083885209713e-05,1.0177009155645982e-05
BigIntBaseN,z1_b16,2,3.453103448275862e-05,1.986904761904762e-05,4.661860465116279e-05,2.6916666666666666e-05
BigIntBaseN,z1_b16,8,1.2254589963280294e-05,8.92149866190901e-06,1.8132246376811597e-05,1.3654843110504775e-05
BigIntBaseN,z1_b16,11,1.0946389496717724e-05,8.323627287853578e-06,1.584493670886076e-05,1.239653035935564e-05
BigIntBaseN,z1_b16,16,9.714563106796115e-06,7.666666666666667e-06,1.4335243553008594e-05,1.1610208816705335e-05
BigIntBaseN,z1_b16,32,9.192095588235294e-06,7.16320687186829e-06,1.2472568578553616e-05,1.0849240780911062e-05
BigIntBaseN,z1_b16,36,8.397984886649874e-06,6.884377150722643e-06,1.2211233211233211e-05,1.0536842105263158e-05
BigIntBaseN,z1_b16,58,7.735498839907193e-06,6.529373368146214e-06,1.204693140794224e-05,1.0598516949152543e-05
BigIntBaseN,z1_b16,62,7.755038759689924e-06,6.736700336700338e-06,1.1210526315789475e-05,1.0155329949238579e-05
BigIntBaseN,z1_b16,64,7.604103343465046e-06,6.51171875e-06,1.1191275167785235e-05,1.0070422535211267e-05
BigIntBaseN,z1_b16,67,7.702078521939954e-06,6.9617258176757135e-06,1.1234567901234567e-05,1.0413111342351717e-05
BigIntBaseN,z218_b16,2,3.495470383275261e-05,2.0520491803278688e-05,4.6925233644859816e-05,2.7764542936288092e-05
BigIntBaseN,z218_b16,8,1.3002597402597403e-05,9.742940603700096e-06,1.8423572744014734e-05,1.4787296898079764e-05
BigIntBaseN,z218_b16,11,1.168144690781797e-05,9.135159817351598e-06,1.6562913907284768e-05,1.3418230563002681e-05
BigIntBaseN,z218_b16,16,1.0529473684210525e-05,8.416316232127839e-06,1.5235920852359208e-05,1.2764030612244898e-05
BigIntBaseN,z218_b16,32,9.282931354359927e-06,8.07016129032258e-06,1.355420054200542e-05,1.2223443223443224e-05
BigIntBaseN,z218_b16,36,9.118505013673656e-06,7.650611620795107e-06,1.3543978349120434e-05,1.1937947494033413e-05
BigIntBaseN,z218_b16,58,8.48135593220339e-06,7.35735294117647e-06,1.281818181818182e-05,1.1513233601841197e-05
BigIntBaseN,z218_b16,62,8.861824623560673e-06,7.700538876058506e-06,1.2813060179257362e-05,1.131787330316742e-05
BigIntBaseN,z218_b16,64,8.44679054054054e-06,7.345080763582967e-06,1.2493133583021224e-05,1.1403648802736602e-05
BigIntBaseN,z218_b16,67,8.292460646230324e-06,7.221660649819495e-06,1.2958549222797928e-05,1.1859004739336493e-05
BigIntBaseN,z100_b16,2,3.5182456140350876e-05,1.9986027944111775e-05,4.6780373831775705e-05,2.7305177111716623e-05
BigIntBaseN,z100_b16,8,1.2542606516290727e-05,9.32525629077353e-06,1.79087656529517e-05,1.3694938440492476e-05
BigIntBaseN,z100_b16,11,1.1741784037558686e-05,8.773684210526315e-06,1.699490662139219e-05,1.271156289707751e-05
BigIntBaseN,z100_b16,16,1.0213265306122449e-05,7.88100866824271e-06,1.5007496251874063e-05,1.2638888888888888e-05
BigIntBaseN,z100_b16,32,8.820987654320987e-06,7.2538071065989845e-06,1.2765605095541402e-05,1.2627525252525252e-05
BigIntBaseN,z100_b16,36,9.085376930063578e-06,7.220938628158845e-06,1.2668354430379746e-05,1.1058563535911601e-05
BigIntBaseN,z100_b16,58,8.049879324215606e-06,6.914996544574982e-06,1.2056626506024097e-05,1.0737124463519314e-05
BigIntBaseN,z100_b16,62,8.15158924205379e-06,7.250724637681159e-06,1.2091787439613526e-05,1.0767491926803014e-05
BigIntBaseN,z100_b16,64,8.078352180936994e-06,6.903381642512077e-06,1.1883610451306413e-05,1.0748657357679915e-05
BigIntBaseN,z100_b16,67,8.154034229828851e-06,6.894555478980014e-06,1.1846153846153846e-05,1.0728831725616291e-05
BigIntBaseN,z196_b16,2,3.707777777777778e-05,2.04519427402863e-05,4.80622009569378e-05,2.7924791086350973e-05
BigIntBaseN,z196_b16,8,1.2890463917525774e-05,9.684414327202324e-06,1.862756052141527e-05,1.4480463096960925e-05
BigIntBaseN,z196_b16,11,1.1588644264194668e-05,8.972197309417041e-06,1.854814814814815e-05,1.3619047619047619e-05
BigIntBaseN,z196_b16,16,1.0618895966029723e-05,8.499575191163976e-06,1.5417565485362093e-05,1.2781609195402298e-05
BigIntBaseN,z196_b16,32,9.20423183072677e-06,7.767080745341615e-06,1.351891891891892e-05,1.1804245283018867e-05
BigIntBaseN,z196_b16,36,9.430856067732831e-06,7.67766692248657e-06,1.3331557922769641e-05,1.1875444839857652e-05
BigIntBaseN,z196_b16,58,8.353923205342236e-06,7.228323699421966e-06,1.2591194968553458e-05,1.1313348416289592e-05
BigIntBaseN,z196_b16,62,8.355889724310778e-06,7.31140350877193e-06,1.2882882882882882e-05,1.1561849710982658e-05
BigIntBaseN,z196_b16,64,8.681423611111111e-06,7.182340272792534e-06,1.2071170084439083e-05,1.0933333333333334e-05
BigIntBaseN,z196_b16,67,8.365384615384616e-06,7.210526315789473e-06,1.2108958837772398e-05,1.1426940639269406e-05
BigIntBaseN,z0_b77,2,0.0002760810810810811,0.00010546315789473684,0.00030793939393939393,0.00011201111111111111
BigIntBaseN,z0_b77,8,7.75153846153846e-05,4.77952380952381e-05,8.516949152542373e-05,5.3367021276595746e-05
BigIntBaseN,z0_b77,11,6.693333333333334e-05,4.375109170305677e-05,7.587878787878788e-05,5.0893401015228425e-05
BigIntBaseN,z0_b77,16,6.0113772455089813e-05,4.115163934426229e-05,6.535714285714285e-05,4.655348837209302e-05
BigIntBaseN,z0_b77,32,4.800956937799043e-05,3.679779411764706e-05,5.3313829787234044e-05,4.209243697478992e-05
BigIntBaseN,z0_b77,36,4.773333333333333e-05,3.777358490566038e-05,5.3625668449197865e-05,4.1497925311203316e-05
BigIntBaseN,z0_b77,58,4.204201680672269e-05,3.4864111498257835e-05,4.7164319248826286e-05,3.9773809523809525e-05
BigIntBaseN,z0_b77,62,4.1556016597510374e-05,3.442611683848797e-05,4.729716981132075e-05,3.9125e-05
BigIntBaseN,z0_b77,64,4.292703862660944e-05,3.5182456140350876e-05,4.6481481481481486e-05,3.952755905511811e-05
BigIntBaseN,z0_b77,67,4.075609756097561e-05,3.423890784982935e-05,4.673831775700935e-05,3.928235294117647e-05
BigIntBaseN,z1_b77,2,0.0002788055555555556,0.00010313402061855671,0.0003081818181818182,0.00011680232558139535
BigIntBaseN,z1_b77,8,7.82890625e-05,4.8558252427184466e-05,8.58034188034188e-05,5.325531914893617e-05
BigIntBaseN,z1_b77,11,6.794594594594595e-05,4.389912280701755e-05,7.599999999999999e-05,5.0095e-05
BigIntBaseN,z1_b77,16,6.094545454545455e-05,4.228691983122363e-05,6.571241830065359e-05,4.638888888888888e-05
BigIntBaseN,z1_b77,32,4.889268292682927e-05,3.730855018587361e-05,5.464130434782609e-05,4.2423728813559325e-05
BigIntBaseN,z1_b77,36,4.864077669902912e-05,3.7440298507462686e-05,5.296825396825397e-05,4.4261061946902654e-05
BigIntBaseN,z1_b77,58,4.2415254237288136e-05,3.4891986062717774e-05,4.798086124401914e-05,3.989243027888446e-05
BigIntBaseN,z1_b77,62,4.1945606694560664e-05,3.4664359861591696e-05,4.729245283018868e-05,3.91328125e-05
BigIntBaseN,z1_b77,64,4.1308641975308645e-05,3.5601423487544484e-05,4.6170506912442394e-05,4.095918367346939e-05
BigIntBaseN,z1_b77,67,4.1510373443983406e-05,3.435958904109589e-05,4.638888888888888e-05,3.9290196078431376e-05
BigIntBaseN,z218_b77,2,0.0002807777777777778,0.00010356701030927834,0.0003005588235294118,0.00011821176470588235
BigIntBaseN,z218_b77,8,7.865625e-05,5.0949238578680205e-05,8.675862068965518e-05,5.500549450549451e-05
BigIntBaseN,z218_b77,11,6.871232876712328e-05,4.5063063063063064e-05,7.726923076923077e-05,5.049246231155779e-05
BigIntBaseN,z218_b77,16,5.9565476190476194e-05,4.186610878661087e-05,6.841496598639455e-05,4.8521739130434786e-05
BigIntBaseN,z218_b77,32,4.938423645320197e-05,3.787547169811321e-05,5.539779005524862e-05,4.351304347826087e-05
BigIntBaseN,z218_b77,36,4.89609756097561e-05,3.754307116104869e-05,5.370053475935829e-05,4.2931330472103004e-05
BigIntBaseN,z218_b77,58,4.486547085201794e-05,3.6525547445255476e-05,4.857281553398058e-05,4.0832653061224494e-05
BigIntBaseN,z218_b77,62,4.263404255319149e-05,3.5535460992907806e-05,4.88e-05,4.0647773279352225e-05
BigIntBaseN,z218_b77,64,4.2248945147679325e-05,3.54822695035461e-05,4.98955223880597e-05,4.133471074380165e-05
BigIntBaseN,z218_b77,67,4.1991631799163176e-05,3.531338028169014e-05,4.707042253521127e-05,4.02008032128514e-05
BigIntBaseN,z100_b77,2,0.0002810277777777778,0.00010290816326530613,0.0002992941176470588,0.00011246067415730338
BigIntBaseN,z100_b77,8,8.083999999999999e-05,4.802870813397129e-05,9.141818181818182e-05,5.412432432432432e-05
BigIntBaseN,z100_b77,11,6.783783783783784e-05,4.442035398230088e-05,7.548872180451128e-05,4.939901477832513e-05
BigIntBaseN,z100_b77,16,5.89235294117647e-05,4.092244897959184e-05,6.547712418300654e-05,4.801913875598086e-05
BigIntBaseN,z100_b77,32,4.986069651741293e-05,3.754681647940075e-05,5.448913043478261e-05,4.3072961373390554e-05
BigIntBaseN,z100_b77,36,4.7193396226415095e-05,3.690073529411765e-05,5.282105263157895e-05,4.2240506329113926e-05
BigIntBaseN,z100_b77,58,4.2574468085106384e-05,3.6014388489208635e-05,4.904411764705882e-05,4.0220883534136544e-05
BigIntBaseN,z100_b77,62,4.2415254237288136e-05,3.564768683274021e-05,4.7065727699530514e-05,3.984860557768925e-05
BigIntBaseN,z100_b77,64,4.1479338842975204e-05,3.467128027681661e-05,4.666511627906977e-05,4.109836065573771e-05
BigIntBaseN,z100_b77,67,4.2516949152542374e-05,3.4719723183391004e-05,4.7061032863849766e-05,4.0244979919678715e-05
BigIntBaseN,z196_b77,2,0.00027513513513513515,0.00010397938144329896,0.0003004117647058824,0.0001137840909090909
BigIntBaseN,z196_b77,8,7.865625e-05,4.866019417475728e-05,9.221100917431192e-05,5.5219780219780216e-05
BigIntBaseN,z196_b77,11,6.86095890410959e-05,4.546363636363637e-05,7.569924812030076e-05,5.02e-05
BigIntBaseN,z196_b77,16,5.92189349112426e-05,4.1376033057851234e-05,6.617105263157895e-05,4.6780373831775705e-05
BigIntBaseN,z196_b77,32,5.081725888324873e-05,3.756554307116105e-05,5.637078651685393e-05,4.397807017543859e-05
BigIntBaseN,z196_b77,36,4.777142857142857e-05,3.7189591078066916e-05,5.35187165775401e-05,4.2508474576271185e-05
BigIntBaseN,z196_b77,58,4.288461538461539e-05,3.535689045936396e-05,5.02e-05,4.0691056910569106e-05
BigIntBaseN,z196_b77,62,4.335930735930736e-05,3.635869565217391e-05,4.831400966183575e-05,4.070731707317073e-05
BigIntBaseN,z196_b77,64,4.193305439330544e-05,3.4958188153310105e-05,4.733018867924528e-05,4.020481927710844e-05
BigIntBaseN,z196_b77,67,4.181666666666667e-05,3.60251798561151e-05,4.868932038834952e-05,4.1242798353909466e-05
BigIntBaseN,z0_b513,2,0.007555,0.0014567142857142856,0.007676,0.0014965714285714285
BigIntBaseN,z0_b513,8,0.0017025,0.0008000769230769231,0.0017903333333333332,0.0008156923076923077
BigIntBaseN,z0_b513,11,0.0014742857142857142,0.0007524999999999999,0.0014772857142857142,0.000772
BigIntBaseN,z0_b513,16,0.0012192222222222222,0.0007122666666666667,0.0012433333333333333,0.0007294285714285715
BigIntBaseN,z0_b513,32,0.0009805454545454546,0.0006758000000000001,0.0009819090909090908,0.0006915333333333333
BigIntBaseN,z0_b513,36,0.0009295454545454545,0.00066425,0.0009457272727272728,0.0006815333333333333
BigIntBaseN,z0_b513,58,0.0008201538461538461,0.000646125,0.0008586666666666668,0.0006734
BigIntBaseN,z0_b513,62,0.0008060769230769231,0.0006431875,0.0008232307692307692,0.000656625
BigIntBaseN,z0_b513,64,0.0007984615384615385,0.000639875,0.0008163846153846153,0.0006759333333333334
BigIntBaseN,z0_b513,67,0.0008186923076923077,0.00063875,0.000807,0.00065275
BigIntBaseN,z1_b513,2,0.0075325,0.0014608571428571429,0.007663,0.0015017142857142857
BigIntBaseN,z1_b513,8,0.0017178333333333334,0.0008353333333333333,0.0017365,0.0008202307692307693
BigIntBaseN,z1_b513,11,0.0014397142857142857,0.000751,0.0014688571428571428,0.0007716923076923077
BigIntBaseN,z1_b513,16,0.001224888888888889,0.0007465714285714286,0.001324625,0.0008085384615384615
BigIntBaseN,z1_b513,32,0.0009697272727272727,0.0006734666666666667,0.0009831818181818182,0.0006846
BigIntBaseN,z1_b513,36,0.0009281818181818182,0.000663625,0.0009469090909090909,0.0006860666666666667
BigIntBaseN,z1_b513,58,0.0008396666666666666,0.00065725,0.0008546666666666667,0.0006570625
BigIntBaseN,z1_b513,62,0.0008033846153846154,0.0006380625,0.0008185384615384615,0.0006525625
BigIntBaseN,z1_b513,64,0.0007965384615384615,0.00063725,0.0008417692307692308,0.0006584375
BigIntBaseN,z1_b513,67,0.0008044615384615385,0.000635625,0.0008048461538461538,0.0006496875
BigIntBaseN,z218_b513,2,0.0075685,0.0014602857142857143,0.0076625,0.0015521428571428572
BigIntBaseN,z218_b513,8,0.0017410000000000001,0.0008030769230769231,0.0017395,0.000821923076923077
BigIntBaseN,z218_b513,11,0.0014420000000000001,0.0007540714285714286,0.0014692857142857144,0.0007740769230769231
BigIntBaseN,z218_b513,16,0.0012391111111111112,0.0007406428571428571,0.001281,0.0007367142857142857
BigIntBaseN,z218_b513,32,0.000961909090909091,0.0006706,0.000982,0.0006852666666666667
BigIntBaseN,z218_b513,36,0.0009288181818181818,0.0006653125,0.0009589090909090909,0.0007082000000000001
BigIntBaseN,z218_b513,58,0.0008209230769230768,0.00066,0.0008384999999999999,0.0006604375
BigIntBaseN,z218_b513,62,0.000807076923076923,0.0006418125,0.0008248461538461539,0.0006633125
BigIntBaseN,z218_b513,64,0.0008006153846153846,0.0006624375,0.0008384615384615385,0.0006575625
BigIntBaseN,z218_b513,67,0.0007913846153846155,0.0006388125,0.00081,0.0006546875
BigIntBaseN,z100_b513,2,0.0076265,0.0014529999999999999,0.0077665,0.0015314285714285714
BigIntBaseN,z100_b513,8,0.001706,0.0008045384615384615,0.0017328333333333334,0.0008210769230769231
BigIntBaseN,z100_b513,11,0.0014455714285714284,0.0007587857142857143,0.0014728571428571427,0.0007722307692307692
BigIntBaseN,z100_b513,16,0.001250375,0.0007369285714285714,0.0012495555555555556,0.0007354285714285714
BigIntBaseN,z100_b513,32,0.0009621818181818182,0.0006685333333333334,0.0009843636363636365,0.0006925333333333333
BigIntBaseN,z100_b513,36,0.0009332727272727274,0.0006645,0.0009774545454545455,0.0006821333333333333
BigIntBaseN,z100_b513,58,0.0008211538461538462,0.0006405,0.0008345000000000001,0.0006568125
BigIntBaseN,z100_b513,62,0.0008073076923076923,0.00064875,0.0008236923076923077,0.0006550625
BigIntBaseN,z100_b513,64,0.00082,0.0006535,0.0008181538461538462,0.0006594375
BigIntBaseN,z100_b513,67,0.000791923076923077,0.000640625,0.0008196153846153846,0.00065025
BigIntBaseN,z196_b513,2,0.00754,0.0014917142857142857,0.0077925,0.0014942857142857143
BigIntBaseN,z196_b513,8,0.0017053333333333332,0.000802,0.0017365,0.0008274615384615384
BigIntBaseN,z196_b513,11,0.0014438571428571428,0.0007522142857142857,0.0014774285714285716,0.0007842307692307692
BigIntBaseN,z196_b513,16,0.0012463333333333332,0.0007139333333333333,0.001251625,0.0007382142857142857
BigIntBaseN,z196_b513,32,0.0009800909090909092,0.0006695333333333333,0.000982090909090909,0.0006837333333333333
BigIntBaseN,z196_b513,36,0.000953909090909091,0.0006809333333333334,0.0009498181818181819,0.0006866000000000001
BigIntBaseN,z196_b513,58,0.0008200769230769232,0.0006428125,0.0008463333333333334,0.0006588125
BigIntBaseN,z196_b513,62,0.0008062307692307693,0.000640375,0.0008413333333333334,0.0006722666666666666
BigIntBaseN,z196_b513,64,0.0007986153846153847,0.0006375625,0.000815,0.00066
BigIntBaseN,z196_b513,67,0.000797076923076923,0.00063775,0.0008066923076923076,0.0006526875
BigIntBaseN,z0_b732,2,0.01531,0.0029505,0.015291,0.002957
BigIntBaseN,z0_b732,8,0.0033996666666666667,0.0015761428571428571,0.0033973333333333334,0.0016072857142857143
BigIntBaseN,z0_b732,11,0.0028395,0.0015342857142857142,0.0029455,0.0015267142857142858
BigIntBaseN,z0_b732,16,0.0024128,0.0014397142857142857,0.002446,0.001450142857142857
BigIntBaseN,z0_b732,32,0.0018948333333333334,0.001320875,0.0019628333333333334,0.001377375
BigIntBaseN,z0_b732,36,0.0018271666666666668,0.001313375,0.0018656666666666667,0.00134025
BigIntBaseN,z0_b732,58,0.0016182857142857142,0.00127825,0.0016344285714285714,0.001304375
BigIntBaseN,z0_b732,62,0.0016197142857142857,0.00127175,0.0016147142857142857,0.001316875
BigIntBaseN,z0_b732,64,0.001573857142857143,0.001260875,0.0015911428571428572,0.001292375
BigIntBaseN,z0_b732,67,0.0015550000000000002,0.001297375,0.0016042857142857143,0.00128475
BigIntBaseN,z1_b732,2,0.01514,0.00287725,0.015271,0.002928
BigIntBaseN,z1_b732,8,0.0033539999999999998,0.0015857142857142858,0.003486333333333333,0.0016279999999999999
BigIntBaseN,z1_b732,11,0.00286675,0.0015032857142857142,0.0028875,0.0015288571428571428
BigIntBaseN,z1_b732,16,0.0024048,0.0014327142857142856,0.002451,0.0015075714285714286
BigIntBaseN,z1_b732,32,0.0019203333333333331,0.001328,0.0019145000000000002,0.001354
BigIntBaseN,z1_b732,36,0.0018241666666666666,0.001313625,0.0018523333333333334,0.001340875
BigIntBaseN,z1_b732,58,0.0016285714285714287,0.001338125,0.0016388571428571429,0.00129575
BigIntBaseN,z1_b732,62,0.0015808571428571427,0.00126775,0.0016159999999999998,0.001292375
BigIntBaseN,z1_b732,64,0.001571,0.0012655,0.0016364285714285714,0.001311875
BigIntBaseN,z1_b732,67,0.0015527142857142857,0.001258875,0.0015812857142857143,0.001287375
BigIntBaseN,z218_b732,2,0.015085,0.0029,0.015258,0.00308775
BigIntBaseN,z218_b732,8,0.003379,0.0015764285714285713,0.003401333333333333,0.0016055714285714286
BigIntBaseN,z218_b732,11,0.00283275,0.0014938571428571427,0.00287875,0.0015235714285714284
BigIntBaseN,z218_b732,16,0.0024502,0.0014315,0.0024864,0.0014527142857142857
BigIntBaseN,z218_b732,32,0.00189,0.001331,0.0019316666666666666,0.00134525
BigIntBaseN,z218_b732,36,0.001838,0.001337125,0.0019628333333333334,0.001343375
BigIntBaseN,z218_b732,58,0.0016175714285714285,0.001270375,0.0016330000000000001,0.001298
BigIntBaseN,z218_b732,62,0.0015914285714285715,0.0012815,0.0016457142857142857,0.0013305
BigIntBaseN,z218_b732,64,0.0016071428571428571,0.0012725,0.0015945714285714285,0.00129925
BigIntBaseN,z218_b732,67,0.001562857142857143,0.0012665,0.001586857142857143,0.001309625
BigIntBaseN,z100_b732,2,0.015288,0.00297625,0.015233,0.00296575
BigIntBaseN,z100_b732,8,0.0033543333333333337,0.001591714285714286,0.003395,0.0016222857142857143
BigIntBaseN,z100_b732,11,0.002879,0.0015434285714285712,0.002889,0.0015552857142857143
BigIntBaseN,z100_b732,16,0.002404,0.001423125,0.0024444000000000002,0.0014485714285714286
BigIntBaseN,z100_b732,32,0.001909,0.00132,0.0019491666666666668,0.001355125
BigIntBaseN,z100_b732,36,0.0018456666666666667,0.00131525,0.0018545,0.001342625
BigIntBaseN,z100_b732,58,0.0016150000000000001,0.001284375,0.0016448571428571428,0.001295125
BigIntBaseN,z100_b732,62,0.0016347142857142858,0.001290125,0.0016058571428571428,0.00128425
BigIntBaseN,z100_b732,64,0.0015664285714285715,0.001260375,0.001588857142857143,0.00129275
BigIntBaseN,z100_b732,67,0.001558285714285714,0.001268625,0.001622857142857143,0.001285625
BigIntBaseN,z196_b732,2,0.015044,0.0029405,0.01525,0.00303875
BigIntBaseN,z196_b732,8,0.0033573333333333333,0.0015858571428571428,0.0034616666666666667,0.0016138571428571428
BigIntBaseN,z196_b732,11,0.0029065,0.0014997142857142859,0.00287875,0.0015394285714285716
BigIntBaseN,z196_b732,16,0.0024294,0.001423375,0.0024412,0.001489142857142857
BigIntBaseN,z196_b732,32,0.001887,0.0013575,0.0019128333333333332,0.00135075
BigIntBaseN,z196_b732,36,0.0018425000000000002,0.001326125,0.0018549999999999999,0.0013365
BigIntBaseN,z196_b732,58,0.0016211428571428572,0.001297,0.0016753333333333334,0.001303875
BigIntBaseN,z196_b732,62,0.001584285714285714,0.00127375,0.0016224285714285715,0.001285625
BigIntBaseN,z196_b732,64,0.0015691428571428573,0.001263875,0.0016504285714285716,0.001319375
BigIntBaseN,z196_b732,67,0.0015528571428571427,0.001261,0.0015767142857142857,0.001286375
LoopBaseN,z0_b1,2,7.986432561851556e-06,3.947513812154696e-06,4.162655601659751e-05,3.2686274509803925e-05
LoopBaseN,z0_b1,8,4.360505666957279e-06,3.876744186046512e-06,1.787142857142857e-05,1.6737458193979936e-05
LoopBaseN,z0_b1,11,4.280273855370132e-06,3.807004187285877e-06,1.631270358306189e-05,1.516060606060606e-05
LoopBaseN,z0_b1,16,3.5396319886765747e-06,2.9334310850439883e-06,1.3941504178272981e-05,1.288917525773196e-05
LoopBaseN,z0_b1,32,3.599497126436782e-06,3.48380355276907e-06,1.2532581453634084e-05,1.2228606356968215e-05
LoopBaseN,z0_b1,36,3.6193921852387845e-06,3.449310344827586e-06,1.2258578431372548e-05,1.205421686746988e-05
LoopBaseN,z0_b1,58,3.4756775538568448e-06,3.551846590909091e-06,1.1507428571428571e-05,1.1345804988662131e-05
LoopBaseN,z0_b1,62,3.5412389380530976e-06,3.498426023084995e-06,1.145537757437071e-05,1.1294582392776524e-05
LoopBaseN,z0_b1,64,3.4919692737430165e-06,3.460553633217993e-06,1.115273132664437e-05,1.1571098265895954e-05
LoopBaseN,z0_b1,67,3.578533094812165e-06,3.3785883147585276e-06,1.1250843644544432e-05,1.1302824858757063e-05
LoopBaseN,z1_b1,2,5.6482213438735176e-06,3.5276895943562606e-06,3.7766037735849056e-05,3.0120120120120122e-05
LoopBaseN,z1_b1,8,3.531426553672316e-06,2.9847806624888093e-06,1.7512237762237762e-05,1.4634502923976608e-05
LoopBaseN,z1_b1,11,3.5538188277087035e-06,2.924269005847953e-06,1.5107250755287009e-05,1.3259602649006624e-05
LoopBaseN,z1_b1,16,3.5943226733740565e-06,2.881878421204264e-06,1.4147100424328148e-05,1.25874213836478e-05
LoopBaseN,z1_b1,32,3.1036301582376666e-06,2.7596578366445916e-06,1.2012004801920767e-05,1.217396593673966e-05
LoopBaseN,z1_b1,36,2.8782733812949643e-06,2.672188084424259e-06,1.1771764705882352e-05,1.2033653846153847e-05
LoopBaseN,z1_b1,58,2.777068295391449e-06,2.6995951417004048e-06,1.1449656750572083e-05,1.1249718785151855e-05
LoopBaseN,z1_b1,62,2.9368761009982384e-06,2.720892274211099e-06,1.1297968397291197e-05,1.122309417040359e-05
LoopBaseN,z1_b1,64,2.83342776203966e-06,2.7470475144191156e-06,1.1104328523862374e-05,1.1233445566778901e-05
LoopBaseN,z1_b1,67,2.904513888888889e-06,2.686811710985764e-06,1.0652822151224706e-05,9.885375494071147e-06
LoopBaseN,z218_b1,2,8.35672514619883e-06,4.830516658619025e-06,4.295708154506438e-05,3.410544217687075e-05
LoopBaseN,z218_b1,8,5.076103500761035e-06,4.7152286657237146e-06,1.928709055876686e-05,1.9457198443579765e-05
LoopBaseN,z218_b1,11,5.045385779122541e-06,4.628412771864878e-06,1.7510489510489513e-05,1.65794701986755e-05
LoopBaseN,z218_b1,16,4.264279624893436e-06,3.781852551984877e-06,1.5245426829268292e-05,1.382182320441989e-05
LoopBaseN,z218_b1,32,4.295962199312714e-06,4.4840878529807265e-06,1.3912378303198886e-05,1.352837837837838e-05
LoopBaseN,z218_b1,36,4.402288732394366e-06,4.370030581039755e-06,1.3372994652406417e-05,1.3322237017310254e-05
LoopBaseN,z218_b1,58,4.369156837046745e-06,4.320518358531318e-06,1.2429813664596272e-05,1.2493133583021224e-05
LoopBaseN,z218_b1,62,4.695305164319249e-06,4.336947094535993e-06,1.265613147914033e-05,1.2365883807169345e-05
LoopBaseN,z218_b1,64,4.248407643312102e-06,4.2584078331204766e-06,1.2416873449131513e-05,1.2415632754342433e-05
LoopBaseN,z218_b1,67,4.347240330291178e-06,4.388157894736842e-06,1.2879021879021879e-05,1.2445273631840795e-05
LoopBaseN,z100_b1,2,8.05475040257649e-06,4.427622841965472e-06,4.241949152542373e-05,3.359731543624161e-05
LoopBaseN,z100_b1,8,4.582684379294549e-06,4.1968107427612255e-06,1.8499075785582254e-05,1.758347978910369e-05
LoopBaseN,z100_b1,11,4.803168506961114e-06,4.188023450586264e-06,1.706473594548552e-05,1.5961722488038277e-05
LoopBaseN,z100_b1,16,4.005206247496996e-06,3.2952224052718286e-06,1.4661786237188874e-05,1.3192358366271408e-05
LoopBaseN,z100_b1,32,3.976540755467197e-06,3.949072246348204e-06,1.306527415143603e-05,1.3067885117493473e-05
LoopBaseN,z100_b1,36,4.028997180829642e-06,3.920423363386907e-06,1.2943078913324708e-05,1.2809218950064021e-05
LoopBaseN,z100_b1,58,3.925824175824176e-06,3.970623263199683e-06,1.2014405762304921e-05,1.1874258600237248e-05
LoopBaseN,z100_b1,62,3.920423363386907e-06,4.270708795900939e-06,1.2301353013530135e-05,1.1923718712753278e-05
LoopBaseN,z100_b1,64,3.989629038691664e-06,3.997202238209433e-06,1.1923718712753278e-05,1.1873072360616845e-05
LoopBaseN,z100_b1,67,3.98050139275766e-06,3.971803018268467e-06,1.2013205282112845e-05,1.25633626097867e-05
LoopBaseN,z196_b1,2,8.429654591406907e-06,4.655959031657355e-06,4.267659574468085e-05,3.407823129251701e-05
LoopBaseN,z196_b1,8,4.868613138686132e-06,4.567123287671233e-06,1.9093511450381678e-05,1.810849909584087e-05
LoopBaseN,z196_b1,11,4.870009737098345e-06,4.561787505699955e-06,1.8324175824175826e-05,1.7114529914529916e-05
LoopBaseN,z196_b1,16,4.218473218051455e-06,3.7199702491632575e-06,1.5119335347432026e-05,1.374587912087912e-05
LoopBaseN,z196_b1,32,4.1937106918239e-06,4.2733874412644175e-06,1.3388219544846051e-05,1.3525675675675676e-05
LoopBaseN,z196_b1,36,4.4600980829246545e-06,4.3510221835580685e-06,1.358751696065129e-05,1.3446236559139786e-05
LoopBaseN,z196_b1,58,4.253401360544218e-06,4.31908462867012e-06,1.2476309226932667e-05,1.2545112781954888e-05
LoopBaseN,z196_b1,62,4.1814381270903016e-06,4.325692041522491e-06,1.325298013245033e-05,1.294954721862872e-05
LoopBaseN,z196_b1,64,4.282534246575343e-06,4.247983014861996e-06,1.2451492537313433e-05,1.2507499999999998e-05
LoopBaseN,z196_b1,67,4.218894981020667e-06,4.216273187183811e-06,1.2328817733990149e-05,1.2627525252525252e-05
LoopBaseN,z0_b2,2,1.4262108262108263e-05,8.34111759799833e-06,5.1943005181347146e-05,4.448888888888889e-05
LoopBaseN,z0_b2,8,6.731493943472409e-06,5.859988283538371e-06,2.1079999999999998e-05,1.8739700374531836e-05
LoopBaseN,z0_b2,11,6.0532365396249235e-06,5.5107438016528926e-06,1.898102466793169e-05,1.9658153241650293e-05
LoopBaseN,z0_b2,16,5.1344969199178645e-06,4.276613937580162e-06,1.687858347386172e-05,1.5423728813559323e-05
LoopBaseN,z0_b2,32,5.2602523659306e-06,5.0494699646643106e-06,1.496711509715994e-05,1.5173453996983408e-05
LoopBaseN,z0_b2,36,4.505405405405405e-06,4.014853472501003e-06,1.4653001464128843e-05,1.5225266362252663e-05
LoopBaseN,z0_b2,58,4.554189435336976e-06,4.484753363228699e-06,1.3740384615384614e-05,1.4014005602240895e-05
LoopBaseN,z0_b2,62,4.48163082437276e-06,4.562956204379562e-06,1.273409669211196e-05,1.2099153567110035e-05
LoopBaseN,z0_b2,64,4.669467787114846e-06,4.547976352887676e-06,1.2843388960205392e-05,1.2222222222222222e-05
LoopBaseN,z0_b2,67,4.4993252361673414e-06,4.5185185185185185e-06,1.325430463576159e-05,1.3725651577503429e-05
LoopBaseN,z1_b2,2,1.4105782792665726e-05,7.882584712371947e-06,5.538121546961326e-05,4.634722222222223e-05
LoopBaseN,z1_b2,8,6.8898071625344355e-06,5.90785587714117e-06,2.1280851063829788e-05,1.880639097744361e-05
LoopBaseN,z1_b2,11,6.072252580449302e-06,5.513230429988975e-06,1.9248076923076923e-05,1.8684701492537313e-05
LoopBaseN,z1_b2,16,5.496703296703297e-06,4.328861964517525e-06,1.6932318104906938e-05,1.5463678516228748e-05
LoopBaseN,z1_b2,32,5.353854389721627e-06,4.952475247524753e-06,1.4943283582089552e-05,1.5130105900151284e-05
LoopBaseN,z1_b2,36,5.308222811671087e-06,5.054573016675088e-06,1.504812030075188e-05,1.5487616099071207e-05
LoopBaseN,z1_b2,58,4.690107829348336e-06,4.494609164420485e-06,1.384508990318119e-05,1.4111424541607899e-05
LoopBaseN,z1_b2,62,4.621996303142329e-06,4.6322371468272346e-06,1.3108781127129752e-05,1.230750307503075e-05
LoopBaseN,z1_b2,64,4.6434540389972145e-06,4.70555032925682e-06,1.3507422402159245e-05,1.2224664224664225e-05
LoopBaseN,z1_b2,67,4.536054421768708e-06,4.533544877606527e-06,1.287129987129987e-05,1.2994805194805194e-05
LoopBaseN,z218_b2,2,1.394979079497908e-05,8.511489361702126e-06,5.195854922279793e-05,4.61889400921659e-05
LoopBaseN,z218_b2,8,7.074257425742574e-06,5.312267657992565e-06,2.2175166297117516e-05,2.023232323232323e-05
LoopBaseN,z218_b2,11,6.7199462726662185e-06,6.2348909657320876e-06,2.023838383838384e-05,2.0220202020202023e-05
LoopBaseN,z218_b2,16,6.0204572803850775e-06,5.004502251125563e-06,1.9778656126482213e-05,1.676214405360134e-05
LoopBaseN,z218_b2,32,5.381387842926305e-06,4.770147830233667e-06,1.5877777777777778e-05,1.6059390048154094e-05
LoopBaseN,z218_b2,36,5.342948717948718e-06,4.752019002375297e-06,1.5326186830015314e-05,1.4342406876790832e-05
LoopBaseN,z218_b2,58,5.483552631578948e-06,5.325346112886049e-06,1.458600583090379e-05,1.3408847184986595e-05
LoopBaseN,z218_b2,62,5.333155650319829e-06,5.36514745308311e-06,1.4074542897327707e-05,1.3839557399723374e-05
LoopBaseN,z218_b2,64,5.350267379679144e-06,5.275316455696203e-06,1.4226173541963015e-05,1.3634877384196185e-05
LoopBaseN,z218_b2,67,5.421138211382114e-06,5.352594970572499e-06,1.4084388185654009e-05,1.4241820768136557e-05
LoopBaseN,z100_b2,2,1.349932523616734e-05,8.273779983457403e-06,5.136923076923077e-05,4.4198237885462555e-05
LoopBaseN,z100_b2,8,6.397058823529412e-06,5.096790626591951e-06,2.2384787472035792e-05,1.9393410852713178e-05
LoopBaseN,z100_b2,11,6.359821996185633e-06,5.721967963386728e-06,1.975739644970414e-05,1.998802395209581e-05
LoopBaseN,z100_b2,16,5.644469525959368e-06,4.588532110091743e-06,1.724827586206897e-05,1.6566225165562912e-05
LoopBaseN,z100_b2,32,5.105155691679428e-06,4.326124567474049e-06,1.5217325227963525e-05,1.5384024577572965e-05
LoopBaseN,z100_b2,36,5.020070245860512e-06,4.3510221835580685e-06,1.4723529411764706e-05,1.3708219178082193e-05
LoopBaseN,z100_b2,58,4.919331037875062e-06,4.9554234769687965e-06,1.4275320970042797e-05,1.285237483953787e-05
LoopBaseN,z100_b2,62,5.0321931589537225e-06,5.017552657973922e-06,1.359375e-05,1.326392572944297e-05
LoopBaseN,z100_b2,64,5.053030303030303e-06,4.944142362827484e-06,1.3543978349120434e-05,1.2813060179257362e-05
LoopBaseN,z100_b2,67,5.11764705882353e-06,4.907262021589794e-06,1.3764786795048144e-05,1.3535859269282814e-05
LoopBaseN,z196_b2,2,1.4456647398843932e-05,8.588841201716738e-06,5.255497382198953e-05,4.456e-05
LoopBaseN,z196_b2,8,7.379793510324484e-06,6.558688524590164e-06,2.307373271889401e-05,1.9873015873015875e-05
LoopBaseN,z196_b2,11,6.970731707317073e-06,6.173456790123456e-06,2.0226262626262628e-05,2.0122736418511066e-05
LoopBaseN,z196_b2,16,5.983851674641148e-06,4.970675944333996e-06,1.8014388489208634e-05,1.663953488372093e-05
LoopBaseN,z196_b2,32,5.975507765830346e-06,5.913120567375887e-06,1.6476112026359143e-05,1.6059390048154094e-05
LoopBaseN,z196_b2,36,5.280887011615629e-06,4.657355679702048e-06,1.5782334384858042e-05,1.610128617363344e-05
LoopBaseN,z196_b2,58,5.261441346659653e-06,5.351524879614768e-06,1.4988023952095808e-05,1.577444794952681e-05
LoopBaseN,z196_b2,62,5.413961038961039e-06,5.199064449064449e-06,1.415983026874116e-05,1.373113854595336e-05
LoopBaseN,z196_b2,64,5.26698262243286e-06,5.2180490349504434e-06,1.4015406162464986e-05,1.3281540504648074e-05
LoopBaseN,z196_b2,67,5.210416666666667e-06,5.363002680965148e-06,1.3935933147632312e-05,1.4438672438672437e-05
LoopBaseN,z0_b0,2,2.017958030669895e-06,1.896283655669321e-06,3.0824615384615385e-05,2.2874429223744293e-05
LoopBaseN,z0_b0,8,2.049170251997542e-06,1.873197227945308e-06,1.3973463687150838e-05,1.2913548387096773e-05
LoopBaseN,z0_b0,11,2.0753268312927993e-06,1.8989937345737611e-06,1.2294840294840294e-05,1.0897603485838781e-05
LoopBaseN,z0_b0,16,1.981378763866878e-06,1.8542825361512794e-06,1.1526497695852534e-05,1.0106060606060605e-05
LoopBaseN,z0_b0,32,2.023265223548452e-06,1.8337000366703337e-06,1.0842903575297941e-05,1.072347266881029e-05
LoopBaseN,z0_b0,36,2.0667493283736307e-06,1.8716317365269461e-06,9.867850098619329e-06,8.93923145665773e-06
LoopBaseN,z0_b0,58,1.995012966287652e-06,1.8117753623188405e-06,9.80411361410382e-06,9.692829457364341e-06
LoopBaseN,z0_b0,62,2.1143763213530654e-06,1.9000759878419453e-06,9.561185468451243e-06,9.780058651026392e-06
LoopBaseN,z0_b0,64,1.9831449534007533e-06,1.8450470392916438e-06,9.524262607040913e-06,9.641618497109827e-06
LoopBaseN,z0_b0,67,1.9992004797121726e-06,1.839279146745127e-06,9.607108549471662e-06,1.053578947368421e-05
LoopBaseN,z1_b0,2,2.0464497646818087e-06,1.8597991818519896e-06,2.8733524355300862e-05,2.1544086021505378e-05
LoopBaseN,z1_b0,8,2.0165322580645164e-06,1.7932580240272548e-06,1.3173684210526316e-05,1.1199328107502799e-05
LoopBaseN,z1_b0,11,2.0036057692307693e-06,1.967151848937844e-06,1.2256127450980392e-05,1.0921397379912665e-05
LoopBaseN,z1_b0,16,2.0214227970897332e-06,1.844366586760096e-06,1.162020905923345e-05,1.0086693548387096e-05
LoopBaseN,z1_b0,32,1.99561053471668e-06,1.8609973948641607e-06,9.665700483091789e-06,9.602857142857143e-06
LoopBaseN,z1_b0,36,1.9778524817085228e-06,1.8233363719234274e-06,9.52761904761905e-06,9.12956204379562e-06
LoopBaseN,z1_b0,58,2.043727012668574e-06,1.8411266568483062e-06,9.002700270027003e-06,8.344453711426189e-06
LoopBaseN,z1_b0,62,2.0259266761191006e-06,1.8271830471318962e-06,9.231549815498155e-06,8.475423728813558e-06
LoopBaseN,z1_b0,64,1.9876788553259142e-06,1.8305270863836018e-06,8.751531058617672e-06,8.344453711426189e-06
LoopBaseN,z1_b0,67,2.026337115072934e-06,1.7934373318988704e-06,8.709312445604875e-06,8.615848406546082e-06
LoopBaseN,z218_b0,2,2.873599540361965e-06,2.7490379329301813e-06,3.3252491694352164e-05,2.4574938574938576e-05
LoopBaseN,z218_b0,8,2.7154493619332064e-06,2.5996880686249026e-06,1.5517829457364342e-05,1.4304285714285714e-05
LoopBaseN,z218_b0,11,2.725068119891008e-06,2.6394827131169174e-06,1.4706314243759177e-05,1.4407194244604316e-05
LoopBaseN,z218_b0,16,2.6894326431836515e-06,2.5831611570247936e-06,1.2712833545108006e-05,1.1343537414965986e-05
LoopBaseN,z218_b0,32,2.732786885245902e-06,2.579164517792677e-06,1.1907142857142858e-05,1.1644935972060535e-05
LoopBaseN,z218_b0,36,2.7353021602406345e-06,2.766804979253112e-06,1.2397769516728625e-05,1.1542099192618224e-05
LoopBaseN,z218_b0,58,2.7179347826086957e-06,2.5738548636129697e-06,1.0890097932535364e-05,1.0839653304442037e-05
LoopBaseN,z218_b0,62,2.6971413160733547e-06,2.8810483870967743e-06,1.0920305676855895e-05,1.1808736717827627e-05
LoopBaseN,z218_b0,64,2.7927953085730242e-06,2.626313025210084e-06,1.0904139433551198e-05,1.0953997809419496e-05
LoopBaseN,z218_b0,67,2.7445115257958285e-06,2.657985649747542e-06,1.0973684210526315e-05,1.1053038674033149e-05
LoopBaseN,z100_b0,2,2.374406457739791e-06,2.290130524387451e-06,3.346153846153846e-05,2.345667447306792e-05
LoopBaseN,z100_b0,8,2.374317588416805e-06,2.1951273046532046e-06,1.4594752186588922e-05,1.3728395061728394e-05
LoopBaseN,z100_b0,11,2.3531764705882353e-06,2.235583370585606e-06,1.2968911917098446e-05,1.15e-05
LoopBaseN,z100_b0,16,2.5351077313054497e-06,2.226898240926297e-06,1.2157958687727825e-05,1.0767491926803014e-05
LoopBaseN,z100_b0,32,2.380623661033087e-06,2.2596023497514684e-06,1.1140311804008909e-05,1.1080841638981174e-05
LoopBaseN,z100_b0,36,2.3899641577060933e-06,2.273988176443838e-06,1.1043046357615894e-05,9.577990430622011e-06
LoopBaseN,z100_b0,58,2.429438911829002e-06,2.234085324994416e-06,1.0232106339468303e-05,1.0344364012409514e-05
LoopBaseN,z100_b0,62,2.343252108716026e-06,2.2542258282623397e-06,1.0287769784172662e-05,1.0571881606765327e-05
LoopBaseN,z100_b0,64,2.427427184466019e-06,2.309930715935335e-06,1.0580338266384779e-05,1.044572025052192e-05
LoopBaseN,z100_b0,67,2.330149114631873e-06,2.21724673021503e-06,1.0373056994818653e-05,1.05205047318612e-05
LoopBaseN,z196_b0,2,2.6767460529836766e-06,2.5591095189355168e-06,3.242394822006473e-05,2.5067669172932333e-05
LoopBaseN,z196_b0,8,2.731021299836155e-06,2.5545338441890165e-06,1.5271755725190838e-05,1.4285306704707561e-05
LoopBaseN,z196_b0,11,2.652785145888594e-06,2.5366472229267057e-06,1.3569877883310719e-05,1.2232273838630807e-05
LoopBaseN,z196_b0,16,2.731767276700355e-06,2.6760299625468164e-06,1.2974059662775615e-05,1.1270270270270269e-05
LoopBaseN,z196_b0,32,2.6090245174752217e-06,2.5541368743615937e-06,1.1817001180637545e-05,1.1633720930232558e-05
LoopBaseN,z196_b0,36,2.6964141277972497e-06,2.5705474171164227e-06,1.1078626799557032e-05,1.0485324947589099e-05
LoopBaseN,z196_b0,58,2.7691029900332227e-06,2.5547892720306513e-06,1.1105438401775804e-05,1.092467248908297e-05
LoopBaseN,z196_b0,62,2.6558682952735e-06,2.5701438848920863e-06,1.081945945945946e-05,1.1067477876106195e-05
LoopBaseN,z196_b0,64,2.727099236641221e-06,2.57120822622108e-06,1.126463963963964e-05,1.0914940021810252e-05
LoopBaseN,z196_b0,67,2.7029729729729728e-06,2.533434650455927e-06,1.1007700770077007e-05,1.1028665931642778e-05
LoopBaseN,z0_b3,2,2.144539614561028e-05,1.3857340720221606e-05,6.40063694267516e-05,5.7971098265895954e-05
LoopBaseN,z0_b3,8,9.351401869158879e-06,7.022456140350877e-06,2.6489417989417987e-05,2.563938618925831e-05
LoopBaseN,z0_b3,11,8.088924818108326e-06,7.4623415361670396e-06,2.2411633109619688e-05,2.1164904862579284e-05
LoopBaseN,z0_b3,16,7.20821325648415e-06,6.000599880023995e-06,2.084375e-05,1.8887005649717514e-05
LoopBaseN,z0_b3,32,6.767929634641407e-06,6.28391959798995e-06,1.761443661971831e-05,1.8684701492537313e-05
LoopBaseN,z0_b3,36,6.905452035886818e-06,6.684034736138944e-06,1.7369791666666666e-05,1.7133561643835616e-05
LoopBaseN,z0_b3,58,5.725243274184316e-06,5.360533333333333e-06,1.6e-05,1.5912559618441972e-05
LoopBaseN,z0_b3,62,5.664779161947905e-06,5.024108488196886e-06,1.5694357366771157e-05,1.5972886762360446e-05
LoopBaseN,z0_b3,64,5.670634920634921e-06,5.045913218970737e-06,1.56296875e-05,1.6939086294416245e-05
LoopBaseN,z0_b3,67,5.725243274184316e-06,5.62915025323579e-06,1.5462132921174652e-05,1.584944532488114e-05
LoopBaseN,z1_b3,2,2.184061135371179e-05,1.370958904109589e-05,6.418589743589743e-05,5.7878612716763005e-05
LoopBaseN,z1_b3,8,9.144424131627057e-06,7.290087463556852e-06,2.7997206703910617e-05,2.6583554376657823e-05
LoopBaseN,z1_b3,11,8.34278565471226e-06,7.341159207630227e-06,2.381190476190476e-05,2.387112171837709e-05
LoopBaseN,z1_b3,16,7.258345428156749e-06,5.96541443053071e-06,2.006012024048096e-05,1.8860640301318266e-05
LoopBaseN,z1_b3,32,6.862139917695473e-06,6.508132726089785e-06,1.7763765541740676e-05,1.8159709618874773e-05
LoopBaseN,z1_b3,36,6.5159609120521176e-06,6.257661038148843e-06,1.684175084175084e-05,1.708873720136519e-05
LoopBaseN,z1_b3,58,5.741102181400688e-06,5.123463114754098e-06,1.6296416938110747e-05,1.6373158756137482e-05
LoopBaseN,z1_b3,62,5.760944700460829e-06,5.118730808597748e-06,1.5944267515923566e-05,1.587936507936508e-05
LoopBaseN,z1_b3,64,5.9037780401416765e-06,5.121351766513057e-06,1.5457496136012364e-05,1.5802527646129543e-05
LoopBaseN,z1_b3,67,5.714857142857142e-06,6.139963167587477e-06,1.5511627906976743e-05,1.5964912280701755e-05
LoopBaseN,z218_b3,2,2.2602708803611736e-05,1.4526850507982584e-05,6.52012987012987e-05,5.8852941176470586e-05
LoopBaseN,z218_b3,8,9.814524043179588e-06,7.660030627871363e-06,2.7288828337874658e-05,2.777562326869806e-05
LoopBaseN,z218_b3,11,8.90302491103203e-06,8.376884422110554e-06,2.4873449131513648e-05,2.4733333333333333e-05
LoopBaseN,z218_b3,16,8.129163281884647e-06,6.795516304347826e-06,2.123566878980892e-05,1.9982035928143713e-05
LoopBaseN,z218_b3,32,7.337490829053558e-06,7.365243004418262e-06,1.9007590132827323e-05,1.9851190476190478e-05
LoopBaseN,z218_b3,36,7.327472527472528e-06,7.052149400986611e-06,1.810488245931284e-05,1.8192727272727272e-05
LoopBaseN,z218_b3,58,7.153681200857755e-06,7.0692579505300355e-06,1.7042589437819423e-05,1.7267241379310344e-05
LoopBaseN,z218_b3,62,6.673115410273516e-06,6.376673040152964e-06,1.7204467353951888e-05,1.698641765704584e-05
LoopBaseN,z218_b3,64,6.452258064516129e-06,5.915434654050857e-06,1.6702838063439064e-05,1.6967796610169494e-05
LoopBaseN,z218_b3,67,6.506831489915419e-06,6.4876783398184185e-06,1.7850267379679145e-05,1.7321799307958477e-05
LoopBaseN,z100_b3,2,2.1285106382978724e-05,1.3597826086956521e-05,6.30503144654088e-05,5.718857142857143e-05
LoopBaseN,z100_b3,8,9.223041474654379e-06,7.230491329479769e-06,2.612271540469974e-05,2.5919689119170985e-05
LoopBaseN,z100_b3,11,8.74061135371179e-06,7.896606156274665e-06,2.339485981308411e-05,2.1116033755274264e-05
LoopBaseN,z100_b3,16,7.586808188021229e-06,6.366008911521324e-06,2.0564681724845996e-05,1.933976833976834e-05
LoopBaseN,z100_b3,32,6.778455284552845e-06,6.67e-06,1.7284974093264247e-05,1.7440766550522648e-05
LoopBaseN,z100_b3,36,6.9832519190509426e-06,6.617724867724867e-06,1.746247818499127e-05,1.7503496503496504e-05
LoopBaseN,z100_b3,58,6.1746913580246916e-06,5.498075865860363e-06,1.6036858974358974e-05,1.6494233937397033e-05
LoopBaseN,z100_b3,62,6.106837606837606e-06,5.946492271105827e-06,1.6273170731707318e-05,1.646875e-05
LoopBaseN,z100_b3,64,6.181705809641533e-06,5.5499445061043285e-06,1.614516129032258e-05,1.6592039800995026e-05
LoopBaseN,z100_b3,67,6.2008679479231245e-06,6.1746913580246916e-06,1.6176090468497574e-05,1.696949152542373e-05
LoopBaseN,z196_b3,2,2.278132118451025e-05,1.4380747126436782e-05,6.432692307692308e-05,5.860233918128655e-05
LoopBaseN,z196_b3,8,9.80313418217434e-06,7.644003055767761e-06,2.677272727272727e-05,2.6751336898395722e-05
LoopBaseN,z196_b3,11,8.877551020408163e-06,8.122564935064935e-06,2.505e-05,2.1960526315789474e-05
LoopBaseN,z196_b3,16,7.846274509803922e-06,6.7006028131279306e-06,2.1183932346723043e-05,2.0016e-05
LoopBaseN,z196_b3,32,7.2060518731988475e-06,7.004201680672269e-06,1.8909262759924385e-05,1.9419417475728153e-05
LoopBaseN,z196_b3,36,7.552036199095023e-06,7.033755274261604e-06,1.7983842010771993e-05,1.811030741410488e-05
LoopBaseN,z196_b3,58,6.41757536882617e-06,5.819080860965677e-06,1.684006734006734e-05,1.713013698630137e-05
LoopBaseN,z196_b3,62,6.4191270860077015e-06,5.848042080654588e-06,1.692724196277496e-05,1.7687279151943465e-05
LoopBaseN,z196_b3,64,6.806122448979592e-06,5.758203799654577e-06,1.6243506493506492e-05,1.6697829716193656e-05
LoopBaseN,z196_b3,67,6.313762626262626e-06,6.332278481012659e-06,1.6265040650406504e-05,1.742857142857143e-05
LoopBaseN,z0_b16,2,0.000208375,0.00026607894736842107,0.0003078484848484848,0.0003987692307692308
LoopBaseN,z0_b16,8,7.491044776119403e-05,8.371666666666666e-05,0.00010998901098901099,0.00012948717948717948
LoopBaseN,z0_b16,11,6.568627450980392e-05,7.595454545454546e-05,9.78252427184466e-05,0.00011595402298850575
LoopBaseN,z0_b16,16,5.888235294117647e-05,6.306918238993711e-05,8.500847457627118e-05,9.671153846153845e-05
LoopBaseN,z0_b16,32,4.733490566037736e-05,5.238743455497382e-05,6.878082191780823e-05,7.984920634920636e-05
LoopBaseN,z0_b16,36,4.669302325581395e-05,5.0934010152284264e-05,6.933793103448276e-05,7.78062015503876e-05
LoopBaseN,z0_b16,58,4.0370967741935484e-05,4.357826086956522e-05,5.9630952380952384e-05,6.313207547169811e-05
LoopBaseN,z0_b16,62,3.985657370517928e-05,4.366521739130435e-05,5.9791666666666665e-05,6.483225806451613e-05
LoopBaseN,z0_b16,64,4.046774193548387e-05,4.134710743801653e-05,5.820348837209303e-05,6.442948717948717e-05
LoopBaseN,z0_b16,67,3.888372093023256e-05,4.042338709677419e-05,5.728e-05,6.081818181818182e-05
LoopBaseN,z1_b16,2,0.00021512765957446808,0.00026371052631578946,0.00031865625,0.0004185833333333333
LoopBaseN,z1_b16,8,7.654198473282443e-05,8.932142857142858e-05,0.00011202222222222222,0.00013641891891891892
LoopBaseN,z1_b16,11,6.705333333333333e-05,7.345255474452556e-05,9.95940594059406e-05,0.00011796470588235293
LoopBaseN,z1_b16,16,5.7988439306358375e-05,6.596052631578948e-05,8.470588235294118e-05,9.616346153846154e-05
LoopBaseN,z1_b16,32,4.78e-05,5.246596858638744e-05,6.951388888888888e-05,7.834375e-05
LoopBaseN,z1_b16,36,4.717452830188679e-05,5.038190954773869e-05,6.825170068027211e-05,8.07983870967742e-05
LoopBaseN,z1_b16,58,4.1251028806584365e-05,4.403508771929825e-05,6.0842424242424236e-05,6.766216216216216e-05
LoopBaseN,z1_b16,62,4.1024590163934424e-05,4.396052631578948e-05,6.087272727272728e-05,6.458064516129033e-05
LoopBaseN,z1_b16,64,4.043951612903226e-05,4.548636363636364e-05,5.881871345029239e-05,6.599342105263158e-05
LoopBaseN,z1_b16,67,4.044758064516129e-05,4.36304347826087e-05,5.894705882352941e-05,6.460645161290323e-05
LoopBaseN,z218_b16,2,0.00021108333333333333,0.0002585384615384615,0.0003025294117647059,0.00041428
LoopBaseN,z218_b16,8,7.699230769230769e-05,9.326851851851852e-05,0.00011207777777777779,0.0001314155844155844
LoopBaseN,z218_b16,11,6.728859060402685e-05,7.424444444444445e-05,9.939603960396039e-05,0.00011286516853932584
LoopBaseN,z218_b16,16,5.8115606936416187e-05,6.35126582278481e-05,8.829824561403509e-05,9.881372549019607e-05
LoopBaseN,z218_b16,32,4.824519230769231e-05,5.3382978723404254e-05,7.2e-05,8.114516129032258e-05
LoopBaseN,z218_b16,36,4.695774647887324e-05,5.122448979591837e-05,6.856164383561644e-05,7.677099236641221e-05
LoopBaseN,z218_b16,58,4.3125e-05,4.586301369863014e-05,6.153374233128835e-05,6.829251700680272e-05
LoopBaseN,z218_b16,62,4.099180327868853e-05,4.5771689497716896e-05,6.0660606060606064e-05,6.549019607843136e-05
LoopBaseN,z218_b16,64,4.0897959183673465e-05,4.4457777777777775e-05,6.217391304347826e-05,6.852739726027397e-05
LoopBaseN,z218_b16,67,4.026506024096386e-05,4.13305785123967e-05,5.9755952380952374e-05,6.576470588235294e-05
LoopBaseN,z100_b16,2,0.00021546808510638298,0.0002646842105263158,0.0003069090909090909,0.00040836
LoopBaseN,z100_b16,8,7.83984375e-05,9.153636363636364e-05,0.00011560919540229884,0.00013691891891891894
LoopBaseN,z100_b16,11,6.739597315436242e-05,7.499253731343284e-05,9.924752475247524e-05,0.00011850588235294118
LoopBaseN,z100_b16,16,5.7936416184971105e-05,6.334177215189874e-05,8.552136752136752e-05,9.971287128712872e-05
LoopBaseN,z100_b16,32,4.942857142857143e-05,5.303174603174604e-05,7.133333333333332e-05,7.83125e-05
LoopBaseN,z100_b16,36,4.7075117370892017e-05,5.071717171717172e-05,6.856164383561644e-05,7.57593984962406e-05
LoopBaseN,z100_b16,58,4.197907949790795e-05,4.6004587155963304e-05,6.321383647798741e-05,6.825850340136054e-05
LoopBaseN,z100_b16,62,4.2215189873417724e-05,4.409691629955947e-05,6.025301204819277e-05,6.478709677419355e-05
LoopBaseN,z100_b16,64,4.0599190283400814e-05,4.392543859649123e-05,5.9307692307692314e-05,6.622368421052632e-05
LoopBaseN,z100_b16,67,4.230379746835443e-05,4.441150442477877e-05,6.077575757575758e-05,6.484516129032258e-05
LoopBaseN,z196_b16,2,0.00021220833333333335,0.0002614871794871795,0.0003070909090909091,0.00040511999999999997
LoopBaseN,z196_b16,8,7.730000000000001e-05,9.031531531531531e-05,0.00011697674418604651,0.0001390972222222222
LoopBaseN,z196_b16,11,6.863013698630137e-05,7.424444444444445e-05,9.924752475247524e-05,0.00011864705882352941
LoopBaseN,z196_b16,16,5.8343023255813955e-05,6.379617834394905e-05,8.58974358974359e-05,9.737864077669904e-05
LoopBaseN,z196_b16,32,5.024e-05,5.403225806451613e-05,7.177857142857143e-05,7.918897637795276e-05
LoopBaseN,z196_b16,36,4.6981220657277e-05,5.123979591836735e-05,6.886301369863014e-05,7.674045801526717e-05
LoopBaseN,z196_b16,58,4.186610878661087e-05,4.505855855855856e-05,6.465161290322581e-05,7.037062937062938e-05
LoopBaseN,z196_b16,62,4.175416666666667e-05,4.452888888888889e-05,6.0566265060240964e-05,6.547712418300654e-05
LoopBaseN,z196_b16,64,4.105327868852459e-05,4.4497777777777775e-05,5.9934131736526946e-05,6.549019607843136e-05
LoopBaseN,z196_b16,67,4.112295081967213e-05,4.8558252427184466e-05,6.0017964071856294e-05,6.569281045751633e-05
LoopBaseN,z0_b77,2,0.0033453333333333334,0.00595,0.0036806666666666667,0.0065875
LoopBaseN,z0_b77,8,0.0011962222222222222,0.0017016666666666666,0.0013665,0.0019493333333333333
LoopBaseN,z0_b77,11,0.0010368,0.00142775,0.0011413333333333334,0.0015838571428571427
LoopBaseN,z0_b77,16,0.0009011666666666668,0.001203,0.0010015,0.001333625
LoopBaseN,z0_b77,32,0.0007622142857142857,0.0009013333333333333,0.0007948461538461539,0.0009917272727272728
LoopBaseN,z0_b77,36,0.0007048,0.0008620833333333333,0.0007701538461538462,0.0009518181818181818
LoopBaseN,z0_b77,58,0.0006172941176470588,0.0007381428571428571,0.0007015333333333333,0.0008143846153846154
LoopBaseN,z0_b77,62,0.0006074705882352941,0.0007066666666666666,0.0006703333333333333,0.0007910769230769231
LoopBaseN,z0_b77,64,0.0006035882352941176,0.0007085333333333334,0.0006729333333333334,0.0007927692307692307
LoopBaseN,z0_b77,67,0.0006127647058823529,0.000704,0.0006603125,0.0007703846153846154
LoopBaseN,z1_b77,2,0.003361,0.0059415,0.0037326666666666667,0.006587
LoopBaseN,z1_b77,8,0.0012183333333333334,0.0017766666666666666,0.001364375,0.0019098333333333335
LoopBaseN,z1_b77,11,0.0010508,0.001493,0.0011705555555555555,0.0016105714285714284
LoopBaseN,z1_b77,16,0.0009025833333333334,0.0012434444444444444,0.0010203,0.00140025
LoopBaseN,z1_b77,32,0.0007316428571428571,0.0009167272727272726,0.0008026923076923076,0.001009
LoopBaseN,z1_b77,36,0.0007072,0.000876,0.0007786153846153847,0.0009816363636363636
LoopBaseN,z1_b77,58,0.0006319375,0.0007500714285714286,0.0007038,0.0008266923076923077
LoopBaseN,z1_b77,62,0.0005997647058823529,0.0007120666666666667,0.0006705333333333333,0.0007873076923076923
LoopBaseN,z1_b77,64,0.000636235294117647,0.0007026,0.000696,0.0007796923076923076
LoopBaseN,z1_b77,67,0.0006161764705882353,0.0007019999999999999,0.000664375,0.0007722307692307692
LoopBaseN,z218_b77,2,0.0033836666666666668,0.0059935,0.0037526666666666667,0.006624
LoopBaseN,z218_b77,8,0.0012394444444444445,0.0017643333333333332,0.001331375,0.0018865
LoopBaseN,z218_b77,11,0.0010465000000000001,0.001440142857142857,0.0011591111111111112,0.0016384285714285715
LoopBaseN,z218_b77,16,0.0009029166666666666,0.0012377777777777777,0.0010316000000000001,0.001329875
LoopBaseN,z218_b77,32,0.0007306428571428571,0.0009155454545454546,0.0008025384615384615,0.0010082000000000001
LoopBaseN,z218_b77,36,0.0007194285714285714,0.00087825,0.0007793846153846154,0.0010057
LoopBaseN,z218_b77,58,0.0006399375,0.0007404285714285715,0.0006885333333333333,0.0008136923076923077
LoopBaseN,z218_b77,62,0.0006159411764705882,0.0007215,0.0006872,0.000791923076923077
LoopBaseN,z218_b77,64,0.0006069411764705883,0.0007267857142857143,0.0006783999999999999,0.0008043076923076923
LoopBaseN,z218_b77,67,0.000606235294117647,0.0007297857142857143,0.0006954,0.000791923076923077
LoopBaseN,z100_b77,2,0.003394333333333333,0.005955,0.0036983333333333334,0.0066985
LoopBaseN,z100_b77,8,0.001231111111111111,0.0017029999999999999,0.001327375,0.001887
LoopBaseN,z100_b77,11,0.0010471,0.0014591428571428572,0.0011491111111111112,0.0015862857142857141
LoopBaseN,z100_b77,16,0.0009039166666666667,0.0012443333333333334,0.0010174000000000001,0.001335125
LoopBaseN,z100_b77,32,0.0007287142857142857,0.00090225,0.0008165384615384615,0.001009
LoopBaseN,z100_b77,36,0.0007039333333333334,0.0008625833333333334,0.0007793846153846154,0.0010243000000000001
LoopBaseN,z100_b77,58,0.0006214705882352941,0.0007262142857142858,0.0006848,0.0008203076923076923
LoopBaseN,z100_b77,62,0.0006305,0.0007197857142857143,0.0006735333333333333,0.0007910769230769231
LoopBaseN,z100_b77,64,0.0006100588235294118,0.0007326428571428572,0.0006872,0.0007846923076923076
LoopBaseN,z100_b77,67,0.0006001176470588235,0.0007016,0.0006701333333333333,0.0007710000000000001
LoopBaseN,z196_b77,2,0.0033573333333333333,0.005957,0.003734666666666667,0.0066935
LoopBaseN,z196_b77,8,0.0012392222222222223,0.00173,0.00132925,0.0019111666666666667
LoopBaseN,z196_b77,11,0.0010491,0.0014382857142857144,0.001154888888888889,0.001611
LoopBaseN,z196_b77,16,0.0009436363636363636,0.0012345555555555556,0.0010023,0.001339375
LoopBaseN,z196_b77,32,0.0007425,0.0009166363636363636,0.0008033846153846154,0.0010083
LoopBaseN,z196_b77,36,0.0007124666666666667,0.0008768333333333333,0.0008036153846153846,0.0009896363636363635
LoopBaseN,z196_b77,58,0.0006260625,0.0007410714285714286,0.0007005333333333333,0.0008129230769230769
LoopBaseN,z196_b77,62,0.000615235294117647,0.0007212142857142858,0.0006772666666666667,0.0007922307692307692
LoopBaseN,z196_b77,64,0.0006586875,0.0007109333333333333,0.0006716666666666667,0.0007921538461538462
LoopBaseN,z196_b77,67,0.0006029411764705882,0.0007003333333333334,0.0006686,0.0007713076923076922
LoopBaseN,z0_b513,2,0.146829,0.269334,0.149072,0.271399
LoopBaseN,z0_b513,8,0.051414,0.077971,0.051569,0.080642
LoopBaseN,z0_b513,11,0.043751,0.065696,0.044413,0.066921
LoopBaseN,z0_b513,16,0.037825,0.054355,0.038501,0.055587
LoopBaseN,z0_b513,32,0.030339,0.040083,0.031307,0.039867
LoopBaseN,z0_b513,36,0.029671,0.038832,0.029751,0.039307
LoopBaseN,z0_b513,58,0.025965,0.031705,0.026263,0.032874
LoopBaseN,z0_b513,62,0.025509,0.030944,0.025972,0.032248
LoopBaseN,z0_b513,64,0.025291,0.03062,0.025919,0.031507
LoopBaseN,z0_b513,67,0.025019,0.030272,0.025789,0.030674
LoopBaseN,z1_b513,2,0.146007,0.268787,0.148511,0.273965
LoopBaseN,z1_b513,8,0.052414,0.078108,0.051922,0.080254
LoopBaseN,z1_b513,11,0.043978,0.065428,0.044782,0.066962
LoopBaseN,z1_b513,16,0.037988,0.054265,0.039034,0.055426
LoopBaseN,z1_b513,32,0.030998,0.040061,0.030772,0.041421
LoopBaseN,z1_b513,36,0.029439,0.038379,0.030152,0.038999
LoopBaseN,z1_b513,58,0.025882,0.032351,0.026283,0.032315
LoopBaseN,z1_b513,62,0.02575,0.031133,0.025811,0.031581
LoopBaseN,z1_b513,64,0.025767,0.030615,0.025614,0.031756
LoopBaseN,z1_b513,67,0.024999,0.030067,0.025357,0.031029
LoopBaseN,z218_b513,2,0.145422,0.268974,0.14858,0.274397
LoopBaseN,z218_b513,8,0.050679,0.078085,0.051486,0.080017
LoopBaseN,z218_b513,11,0.044253,0.065327,0.044953,0.066758
LoopBaseN,z218_b513,16,0.038309,0.05409,0.038888,0.055555
LoopBaseN,z218_b513,32,0.030393,0.041781,0.034266,0.043769
LoopBaseN,z218_b513,36,0.041065,0.038645,0.030469,0.039101
LoopBaseN,z218_b513,58,0.025884,0.031894,0.026617,0.032408
LoopBaseN,z218_b513,62,0.025498,0.031508,0.025978,0.031576
LoopBaseN,z218_b513,64,0.025622,0.031131,0.025649,0.031362
LoopBaseN,z218_b513,67,0.025285,0.03027,0.025339,0.030693
LoopBaseN,z100_b513,2,0.145249,0.267072,0.148617,0.272767
LoopBaseN,z100_b513,8,0.050769,0.078106,0.051316,0.079872
LoopBaseN,z100_b513,11,0.04395,0.065749,0.044791,0.066883
LoopBaseN,z100_b513,16,0.038349,0.053999,0.0387,0.055512
LoopBaseN,z100_b513,32,0.030691,0.040257,0.030847,0.040917
LoopBaseN,z100_b513,36,0.029959,0.038197,0.029774,0.039396
LoopBaseN,z100_b513,58,0.026082,0.031748,0.026623,0.032538
LoopBaseN,z100_b513,62,0.025557,0.030951,0.026637,0.031848
LoopBaseN,z100_b513,64,0.025282,0.030683,0.026141,0.031479
LoopBaseN,z100_b513,67,0.025028,0.030386,0.025712,0.030686
LoopBaseN,z196_b513,2,0.147007,0.269043,0.148795,0.274178
LoopBaseN,z196_b513,8,0.051089,0.077824,0.051898,0.080138
LoopBaseN,z196_b513,11,0.043824,0.065584,0.044407,0.067372
LoopBaseN,z196_b513,16,0.037857,0.054608,0.038579,0.055646
LoopBaseN,z196_b513,32,0.030361,0.040167,0.03126,0.040889
LoopBaseN,z196_b513,36,0.029768,0.038802,0.029834,0.039151
LoopBaseN,z196_b513,58,0.02606,0.031879,0.02634,0.032775
LoopBaseN,z196_b513,62,0.02581,0.030964,0.025979,0.032179
LoopBaseN,z196_b513,64,0.025346,0.030565,0.025769,0.032077
LoopBaseN,z196_b513,67,0.025002,0.030195,0.02583,0.030902
LoopBaseN,z0_b732,2,0.300855,0.548434,0.303357,0.556536
LoopBaseN,z0_b732,8,0.102993,0.159871,0.104271,0.161319
LoopBaseN,z0_b732,11,0.089374,0.133701,0.090428,0.135667
LoopBaseN,z0_b732,16,0.077411,0.111799,0.078463,0.112195
LoopBaseN,z0_b732,32,0.062401,0.081792,0.062329,0.083287
LoopBaseN,z0_b732,36,0.060295,0.078172,0.061359,0.079414
LoopBaseN,z0_b732,58,0.052666,0.065227,0.053785,0.065744
LoopBaseN,z0_b732,62,0.052335,0.063098,0.053002,0.064092
LoopBaseN,z0_b732,64,0.052266,0.06257,0.052244,0.063966
LoopBaseN,z0_b732,67,0.05087,0.061747,0.051412,0.062785
LoopBaseN,z1_b732,2,0.299484,0.546346,0.303095,0.556456
LoopBaseN,z1_b732,8,0.103527,0.159308,0.104748,0.161776
LoopBaseN,z1_b732,11,0.089619,0.133562,0.090278,0.135638
LoopBaseN,z1_b732,16,0.07739,0.110439,0.078147,0.11299
LoopBaseN,z1_b732,32,0.062417,0.081031,0.062784,0.083133
LoopBaseN,z1_b732,36,0.060496,0.078082,0.060303,0.079251
LoopBaseN,z1_b732,58,0.052991,0.064983,0.0536,0.066785
LoopBaseN,z1_b732,62,0.052459,0.063392,0.052846,0.06463
LoopBaseN,z1_b732,64,0.051772,0.062325,0.052481,0.063784
LoopBaseN,z1_b732,67,0.051034,0.061651,0.051583,0.06295
LoopBaseN,z218_b732,2,0.300073,0.547358,0.303157,0.555072
LoopBaseN,z218_b732,8,0.104259,0.158963,0.104713,0.161794
LoopBaseN,z218_b732,11,0.089369,0.13365,0.090867,0.135356
LoopBaseN,z218_b732,16,0.077605,0.110494,0.078194,0.112684
LoopBaseN,z218_b732,32,0.062202,0.081833,0.062875,0.082871
LoopBaseN,z218_b732,36,0.060562,0.078197,0.060433,0.07937
LoopBaseN,z218_b732,58,0.05295,0.066279,0.053746,0.065649
LoopBaseN,z218_b732,62,0.052387,0.062957,0.052753,0.064322
LoopBaseN,z218_b732,64,0.050953,0.063467,0.051832,0.063926
LoopBaseN,z218_b732,67,0.051029,0.061576,0.051343,0.062737
LoopBaseN,z100_b732,2,0.300143,0.547382,0.303614,0.556065
LoopBaseN,z100_b732,8,0.10358,0.159181,0.105082,0.161705
LoopBaseN,z100_b732,11,0.089338,0.133404,0.090637,0.135425
LoopBaseN,z100_b732,16,0.07747,0.110434,0.07847,0.11128
LoopBaseN,z100_b732,32,0.061962,0.081799,0.062635,0.082951
LoopBaseN,z100_b732,36,0.0603,0.078464,0.060551,0.079433
LoopBaseN,z100_b732,58,0.053655,0.064775,0.054849,0.065619
LoopBaseN,z100_b732,62,0.052444,0.062766,0.052357,0.06461
LoopBaseN,z100_b732,64,0.051539,0.062887,0.05197,0.063725
LoopBaseN,z100_b732,67,0.051045,0.06169,0.051451,0.06299
LoopBaseN,z196_b732,2,0.299948,0.54571,0.303289,0.558978
LoopBaseN,z196_b732,8,0.103483,0.159091,0.10494,0.162478
LoopBaseN,z196_b732,11,0.090961,0.134464,0.090613,0.135365
LoopBaseN,z196_b732,16,0.077267,0.110411,0.07876,0.112419
LoopBaseN,z196_b732,32,0.062107,0.081919,0.062881,0.082833
LoopBaseN,z196_b732,36,0.06044,0.078289,0.060485,0.080628
LoopBaseN,z196_b732,58,0.053741,0.064628,0.053402,0.064681
LoopBaseN,z196_b732,62,0.053117,0.063542,0.052371,0.064778
LoopBaseN,z196_b732,64,0.050959,0.063068,0.051988,0.06421
LoopBaseN,z196_b732,67,0.05103,0.061731,0.051781,0.062393
